year,tmID,rank,playoff,o_fgm,o_fga,o_ftm,o_fta,o_3pm,o_3pa,o_oreb,o_dreb,o_reb,o_asts,o_pf,o_stl,o_to,o_blk,o_pts,d_fgm,d_fga,d_ftm,d_fta,d_3pm,d_3pa,d_oreb,d_dreb,d_reb,d_asts,d_pf,d_stl,d_to,d_blk,d_pts,GP_x,homeW,homeL,awayW,awayL,confW,confL,min,attend,num_playoff_appearances,total_first_round_won,total_first_round_lost,total_semis_won,total_semis_lost,total_finals_won,total_finals_lost,mean_won,mean_lost,confID_EA,confID_WE,GP_y,GS,minutes,points,oRebounds,dRebounds,rebounds,assists,steals,blocks,turnovers,PF,fgAttempted,fgMade,ftAttempted,ftMade,threeAttempted,threeMade,PostGP,PostGS,PostMinutes,PostPoints,PostoRebounds,PostdRebounds,PostRebounds,PostAssists,PostSteals,PostBlocks,PostTurnovers,PostPF,PostfgAttempted,PostfgMade,PostftAttempted,PostftMade,PostthreeAttempted,PostthreeMade,PostDQ,height,weight,award_count,won,lost,post_wins,post_losses
2,HOU,2.0,1,891.0,1894.0,521.0,634.0,172.0,491.0,273.0,724.0,997.0,494.0,554.0,284.0,440.0,104.0,2475.0,786.0,1938.0,370.0,508.0,124.0,418.0,290.0,612.0,902.0,473.0,648.0,233.0,480.0,85.0,2066.0,32.0,14.0,2.0,13.0,3.0,17.0,4.0,6475.0,196077.0,1.0,1.0,0.0,1.0,0.0,1.0,0.0,27.0,5.0,0.0,1.0,180.0,94.0,507.4285714285714,1139.0,202.0,432.0,634.0,159.0,133.0,55.0,208.0,344.0,883.0,415.0,294.0,237.0,211.0,72.0,31.0,18.0,758.0,178.0,48.0,84.0,132.0,29.0,27.0,12.0,43.0,61.0,153.0,67.0,33.0,30.0,37.0,14.0,0.0,72.42857142857143,172.57142857142858,0.0,27.0,5.0,6.0,0.0
2,LAS,1.0,1,861.0,1956.0,545.0,693.0,150.0,452.0,308.0,783.0,1091.0,586.0,705.0,271.0,466.0,156.0,2417.0,776.0,1963.0,495.0,692.0,122.0,413.0,300.0,678.0,978.0,445.0,650.0,243.0,485.0,105.0,2169.0,32.0,15.0,1.0,13.0,3.0,17.0,4.0,6450.0,105005.0,1.0,1.0,0.0,0.0,1.0,0.0,0.0,28.0,4.0,0.0,1.0,271.0,189.0,742.6666666666666,2583.0,343.0,878.0,1221.0,611.0,286.0,172.0,480.0,756.0,2084.0,944.0,712.0,558.0,389.0,137.0,29.0,20.0,712.0,278.0,40.0,83.0,123.0,70.0,21.0,11.0,54.0,66.0,224.0,101.0,60.0,49.0,61.0,27.0,1.0,71.66666666666667,165.66666666666666,0.0,28.0,4.0,2.0,2.0
2,MIN,6.0,0,770.0,1831.0,449.0,592.0,204.0,571.0,258.0,612.0,870.0,495.0,690.0,237.0,497.0,63.0,2193.0,755.0,1758.0,514.0,702.0,164.0,481.0,300.0,677.0,977.0,472.0,707.0,275.0,547.0,130.0,2188.0,32.0,8.0,8.0,7.0,9.0,5.0,16.0,6425.0,116638.0,0.0,0.0,0.0,0.0,0.0,0.0,0.0,15.0,17.0,0.0,1.0,203.0,90.0,545.5714285714286,1593.0,153.0,332.0,485.0,283.0,147.0,48.0,307.0,431.0,1326.0,556.0,404.0,313.0,450.0,168.0,0.0,0.0,0.0,0.0,0.0,0.0,0.0,0.0,0.0,0.0,0.0,0.0,0.0,0.0,0.0,0.0,0.0,0.0,0.0,72.28571428571429,173.42857142857142,0.0,15.0,17.0,0.0,0.0
2,PHO,4.0,0,803.0,1800.0,513.0,661.0,124.0,394.0,275.0,619.0,894.0,465.0,630.0,285.0,429.0,91.0,2243.0,773.0,1828.0,421.0,574.0,135.0,416.0,334.0,635.0,969.0,486.0,699.0,224.0,531.0,91.0,2102.0,32.0,11.0,5.0,9.0,7.0,11.0,10.0,6425.0,161075.0,1.0,0.0,1.0,0.0,0.0,0.0,0.0,20.0,12.0,0.0,1.0,262.0,136.0,510.27272727272725,1978.0,227.0,530.0,757.0,406.0,256.0,85.0,384.0,526.0,1652.0,718.0,540.0,423.0,383.0,119.0,14.0,8.0,342.0,125.0,10.0,27.0,37.0,32.0,9.0,8.0,19.0,40.0,103.0,48.0,28.0,19.0,35.0,10.0,0.0,71.45454545454545,159.54545454545453,0.0,0.0,0.0,0.0,0.0
2,POR,7.0,0,761.0,1828.0,488.0,697.0,145.0,433.0,309.0,627.0,936.0,480.0,761.0,265.0,593.0,93.0,2155.0,788.0,1847.0,577.0,766.0,150.0,447.0,307.0,646.0,953.0,487.0,729.0,277.0,531.0,130.0,2303.0,32.0,6.0,10.0,4.0,12.0,4.0,17.0,6525.0,133076.0,0.0,0.0,0.0,0.0,0.0,0.0,0.0,10.0,22.0,0.0,1.0,259.0,178.0,692.2222222222222,2073.0,299.0,633.0,932.0,450.0,244.0,94.0,490.0,667.0,1732.0,733.0,666.0,485.0,380.0,122.0,0.0,0.0,0.0,0.0,0.0,0.0,0.0,0.0,0.0,0.0,0.0,0.0,0.0,0.0,0.0,0.0,0.0,0.0,0.0,71.88888888888889,165.66666666666666,0.0,10.0,22.0,0.0,0.0
2,SAC,3.0,1,876.0,1993.0,449.0,650.0,142.0,459.0,388.0,650.0,1038.0,567.0,571.0,332.0,458.0,157.0,2343.0,811.0,1918.0,410.0,544.0,144.0,418.0,320.0,631.0,951.0,503.0,600.0,226.0,524.0,116.0,2176.0,32.0,13.0,3.0,8.0,8.0,13.0,8.0,6400.0,126841.0,1.0,0.0,1.0,0.0,0.0,0.0,0.0,21.0,11.0,0.0,1.0,303.0,206.0,636.1818181818181,2685.0,388.0,691.0,1079.0,611.0,328.0,201.0,517.0,610.0,2263.0,1006.0,755.0,536.0,452.0,137.0,17.0,10.0,377.0,137.0,17.0,41.0,58.0,30.0,14.0,2.0,19.0,33.0,117.0,49.0,34.0,28.0,30.0,11.0,1.0,71.36363636363636,159.9090909090909,0.0,21.0,11.0,0.0,2.0
2,SEA,8.0,0,667.0,1740.0,379.0,561.0,109.0,364.0,256.0,537.0,793.0,390.0,648.0,255.0,525.0,93.0,1822.0,778.0,1721.0,498.0,654.0,117.0,334.0,288.0,721.0,1009.0,506.0,618.0,284.0,529.0,123.0,2171.0,32.0,4.0,12.0,2.0,14.0,4.0,17.0,6475.0,142594.0,0.0,0.0,0.0,0.0,0.0,0.0,0.0,6.0,26.0,0.0,1.0,271.5,99.5,467.1818181818182,1424.5,191.5,450.5,642.0,348.5,212.0,82.5,427.0,563.0,1327.5,516.5,463.5,293.5,312.5,98.0,2.0,0.0,10.0,0.0,1.0,0.0,1.0,1.0,0.0,0.0,2.0,0.0,2.0,0.0,0.0,0.0,2.0,0.0,0.0,73.18181818181819,165.63636363636363,0.0,6.0,26.0,0.0,0.0
2,UTA,5.0,1,858.0,1896.0,609.0,790.0,88.0,262.0,348.0,732.0,1080.0,522.0,698.0,214.0,544.0,157.0,2413.0,860.0,1964.0,531.0,721.0,156.0,448.0,313.0,598.0,911.0,503.0,702.0,301.0,437.0,112.0,2407.0,32.0,12.0,4.0,6.0,10.0,13.0,8.0,6400.0,103442.0,0.0,0.0,0.0,0.0,0.0,0.0,0.0,18.0,14.0,0.0,1.0,251.0,170.0,680.2222222222222,2285.0,343.0,751.0,1094.0,490.0,213.0,150.0,508.0,677.0,1835.0,829.0,739.0,562.0,192.0,65.0,0.0,0.0,0.0,0.0,0.0,0.0,0.0,0.0,0.0,0.0,0.0,0.0,0.0,0.0,0.0,0.0,0.0,0.0,0.0,65.0,172.0,0.0,18.0,14.0,0.0,0.0
3,HOU,3.0,1,819.0,1901.0,468.0,586.5,155.0,463.0,310.5,717.0,1027.5,460.0,531.5,267.5,438.0,99.5,2261.0,763.0,1910.5,366.0,506.0,138.0,437.0,293.5,648.5,942.0,462.5,604.5,240.5,456.5,102.5,2030.0,32.0,12.5,3.5,10.5,5.5,15.0,6.0,6462.5,188596.0,2.0,1.0,1.0,1.0,0.0,1.0,0.0,23.0,9.0,0.0,1.0,370.5,227.0,656.4615384615385,2856.5,364.5,908.5,1273.0,638.5,420.5,129.5,568.5,688.5,2418.5,1035.5,728.0,562.5,644.0,223.0,31.5,20.0,820.5,268.0,41.0,95.5,136.5,45.5,34.0,11.0,48.0,59.0,229.5,100.0,57.5,47.0,58.0,21.0,0.0,70.92307692307692,160.76923076923077,2.0,23.0,9.0,3.0,1.0
3,LAS,1.0,1,888.5,1993.5,497.0,643.5,155.0,444.0,329.0,769.0,1098.0,591.0,660.5,276.0,452.0,147.0,2429.0,777.5,1974.0,455.5,619.5,157.0,508.0,297.0,652.5,949.5,491.5,620.5,238.5,469.0,109.5,2167.5,32.0,15.5,0.5,12.5,3.5,18.0,3.0,6462.5,126725.5,2.0,2.0,0.0,1.0,1.0,1.0,0.0,28.0,4.0,0.0,1.0,296.1666666666667,186.83333333333331,635.3939393939394,2727.6666666666665,386.5,855.5,1242.0,530.8333333333334,283.3333333333333,164.83333333333334,492.8333333333333,731.0,2293.0,994.3333333333334,751.1666666666666,574.8333333333334,481.3333333333333,164.16666666666669,37.5,22.33333333333333,886.0,361.0,51.66666666666666,119.83333333333331,171.5,74.33333333333333,31.0,32.33333333333333,60.16666666666667,79.33333333333333,294.5,137.33333333333334,84.33333333333333,63.0,61.66666666666667,23.33333333333333,0.5,72.45454545454545,168.36363636363637,3.0,28.0,4.0,4.0,1.5
3,MIN,6.0,0,720.5,1820.5,504.0,659.5,190.0,561.5,283.0,652.5,935.5,466.0,692.5,223.5,502.0,95.0,2135.0,753.5,1842.5,506.5,663.0,158.5,476.5,314.0,682.5,996.5,491.5,713.0,267.0,508.5,128.0,2172.0,32.0,7.0,9.0,6.5,9.5,7.0,14.0,6450.0,118622.5,0.0,0.0,0.0,0.0,0.0,0.0,0.0,13.5,18.5,0.0,1.0,230.0,112.5,476.55,1849.5,232.0,506.5,738.5,301.0,170.0,78.0,381.5,471.5,1572.0,609.5,597.0,469.0,483.0,161.5,0.0,0.0,0.0,0.0,0.0,0.0,0.0,0.0,0.0,0.0,0.0,0.0,0.0,0.0,0.0,0.0,0.0,0.0,0.0,72.3,175.8,0.0,13.5,18.5,0.0,0.0
3,PHO,4.5,0,785.0,1847.0,471.0,624.0,112.5,353.5,287.5,630.5,918.0,489.5,627.5,288.5,474.0,114.5,2153.5,779.0,1860.0,441.5,579.0,136.0,403.5,333.5,666.5,1000.0,505.0,651.0,253.5,524.0,109.0,2135.5,32.0,10.5,5.5,6.0,10.0,9.5,11.5,6437.5,149027.0,1.0,0.0,1.0,0.0,0.0,0.0,0.0,16.5,15.5,0.0,1.0,316.0,133.5,452.34615384615387,1884.5,265.0,599.5,864.5,403.5,227.5,111.0,465.0,566.5,1700.0,709.5,540.5,383.0,259.0,82.5,5.5,3.0,128.0,44.5,4.5,11.0,15.5,11.0,2.5,4.0,7.5,12.0,34.0,19.0,11.0,5.5,5.5,1.0,0.0,73.38461538461539,166.3846153846154,0.0,13.0,19.0,0.0,0.0
3,POR,7.0,0,747.0,1859.5,469.0,654.5,158.5,476.0,304.5,661.5,966.0,465.5,697.0,254.5,546.5,99.5,2121.5,789.5,1895.5,519.0,711.0,154.5,428.5,325.0,704.5,1029.5,494.0,686.0,285.0,502.5,137.0,2252.5,32.0,6.0,10.0,4.5,11.5,4.5,16.5,6525.0,135366.0,0.0,0.0,0.0,0.0,0.0,0.0,0.0,10.5,21.5,0.0,1.0,297.5,171.0,534.0416666666666,1995.0,278.5,655.5,934.0,533.0,250.5,94.5,480.0,614.0,1678.5,699.0,641.0,461.5,383.5,135.5,5.5,5.5,172.5,41.0,4.5,11.0,15.5,30.0,3.0,2.0,8.5,12.0,38.0,12.5,11.0,9.0,23.5,7.0,0.0,71.41666666666667,169.41666666666666,0.0,10.5,21.5,0.0,0.0
3,SAC,2.5,0,856.5,1983.5,453.0,634.0,152.5,441.0,381.0,686.5,1067.5,562.5,579.5,304.0,476.0,157.5,2318.5,807.5,1960.5,412.5,561.0,130.0,409.0,331.5,646.5,978.0,499.5,608.0,243.5,502.5,129.5,2157.5,32.0,12.5,3.5,8.0,8.0,13.0,8.0,6462.5,130222.0,2.0,1.0,1.0,0.0,1.0,0.0,0.0,20.5,11.5,0.0,1.0,311.5,202.5,598.3333333333334,2518.5,394.0,741.0,1135.0,628.0,303.0,185.0,527.5,657.0,2143.0,932.5,703.5,508.5,417.0,145.0,31.5,17.5,697.0,254.5,33.0,72.0,105.0,55.5,24.5,11.5,36.5,60.5,219.5,86.5,73.5,60.0,53.5,21.5,0.5,72.33333333333333,166.08333333333334,0.0,14.0,6.0,3.0,2.0
3,SEA,8.0,1,678.0,1780.5,397.0,583.5,118.5,388.0,281.0,561.0,842.0,401.0,626.5,264.0,478.0,110.0,1871.5,765.5,1735.5,457.5,606.5,121.0,329.5,292.0,738.5,1030.5,499.0,603.0,256.0,524.0,125.0,2109.5,32.0,4.5,11.5,3.5,12.5,5.0,16.0,6512.5,118925.5,0.0,0.0,0.0,0.0,0.0,0.0,0.0,8.0,24.0,0.0,1.0,318.5,164.5,561.625,2052.5,293.5,649.0,942.5,453.5,274.5,145.0,468.0,653.0,1915.5,731.0,644.0,444.0,467.0,146.5,4.5,0.0,58.0,20.0,1.0,8.5,9.5,1.0,0.0,3.0,2.5,4.0,17.5,7.5,2.0,2.0,10.0,3.0,0.0,72.33333333333333,164.5,0.0,8.0,24.0,0.0,0.0
3,UTA,4.0,1,834.5,1872.5,558.0,732.5,83.0,253.0,321.5,753.5,1075.0,523.0,660.0,208.0,518.5,156.5,2310.0,824.5,1970.0,510.0,690.5,140.5,438.5,328.5,614.0,942.5,490.5,673.5,288.0,413.5,130.0,2299.5,32.0,10.5,5.5,8.0,8.0,12.0,9.0,6437.5,106974.5,1.0,0.0,1.0,0.0,0.0,0.0,0.0,18.5,13.5,0.0,1.0,260.0,171.0,724.3888888888889,2425.0,326.5,760.0,1086.5,487.5,204.5,154.5,500.5,604.0,2027.0,895.0,782.0,574.5,200.5,60.5,8.5,6.0,224.0,76.5,9.5,24.5,34.0,15.5,7.0,6.5,13.0,25.0,60.0,24.5,33.5,26.5,9.5,1.0,1.0,64.77777777777777,172.22222222222223,0.0,14.0,5.0,0.0,2.0
4,HOU,3.0,1,751.0,1843.0,434.0,562.0,123.5,383.5,323.5,706.0,1029.5,438.0,488.0,255.5,445.5,110.5,2059.5,722.5,1881.5,346.5,478.0,151.5,472.5,303.0,674.5,977.5,449.0,583.5,255.0,448.5,95.5,1943.0,32.0,12.5,3.5,9.0,7.0,14.5,6.5,6437.5,184881.5,2.0,0.0,2.0,0.0,0.0,0.0,0.0,21.5,10.5,0.0,1.0,247.5,174.5,799.3125,2392.0,293.0,686.0,979.0,505.5,265.0,106.0,438.5,447.0,2072.0,853.0,675.5,548.0,415.5,138.0,19.0,15.0,602.0,212.5,30.5,65.5,96.0,53.5,21.5,12.5,32.5,48.0,194.5,76.5,57.0,45.0,47.0,14.5,0.0,72.25,163.5,2.0,21.5,10.5,0.5,2.0
4,LAS,1.0,1,903.5,2016.5,462.5,619.5,177.0,475.5,339.5,784.5,1124.0,589.5,640.0,269.0,477.5,149.5,2446.5,787.5,2012.5,448.0,598.0,177.5,562.0,304.0,636.0,940.0,523.0,607.0,254.5,453.0,112.5,2200.5,32.0,14.0,2.0,12.5,3.5,18.0,3.0,6475.0,167428.0,2.0,2.0,0.0,2.0,0.0,2.0,0.0,26.5,5.5,0.0,1.0,372.5,228.0,662.7692307692307,3242.0,433.5,996.5,1430.0,696.0,335.0,200.5,628.0,889.0,2771.5,1195.5,810.5,609.0,673.0,242.0,52.0,30.5,1259.5,485.5,61.0,163.5,224.5,132.5,57.0,41.5,89.0,128.0,397.0,181.5,122.0,91.5,89.5,31.0,1.5,72.61538461538461,174.23076923076923,0.0,26.5,5.5,6.0,0.5
4,MIN,7.0,1,699.0,1792.5,471.0,652.5,171.0,526.0,308.5,671.5,980.0,451.5,656.0,218.0,518.0,114.5,2040.0,749.5,1867.0,484.0,618.5,147.0,430.5,315.0,650.0,965.0,503.0,668.5,266.0,467.5,121.5,2130.0,32.0,6.5,9.5,4.5,11.5,7.5,13.5,6475.0,130240.5,0.0,0.0,0.0,0.0,0.0,0.0,0.0,11.0,21.0,0.0,1.0,240.5,128.5,601.6111111111111,1944.5,241.5,532.5,774.0,360.0,200.5,79.0,393.0,493.0,1731.5,693.5,545.0,400.5,492.0,157.0,1.5,1.5,54.5,15.5,2.0,3.0,5.0,2.0,2.5,0.0,4.0,5.5,15.5,5.0,5.5,4.5,4.5,1.0,0.5,72.44444444444444,169.55555555555554,0.0,0.0,0.0,0.0,0.0
4,PHO,6.0,0,780.0,1891.5,417.0,562.5,100.5,320.5,296.0,634.0,930.0,470.5,624.0,279.5,510.0,116.0,2077.5,817.5,1881.0,449.0,596.0,146.0,389.5,321.0,695.0,1016.0,528.0,601.5,275.5,504.0,127.0,2230.0,32.0,10.0,6.0,2.0,14.0,7.5,13.5,6425.0,138388.5,0.0,0.0,0.0,0.0,0.0,0.0,0.0,12.0,20.0,0.0,1.0,361.5,100.0,437.2857142857143,1610.5,307.5,580.5,888.0,437.5,299.5,76.5,472.5,634.5,1523.0,602.5,466.5,320.5,280.0,85.0,5.5,0.0,35.5,10.0,3.5,6.0,9.5,1.5,0.5,0.0,4.0,0.5,12.5,4.0,3.0,1.0,3.0,1.0,0.0,71.35714285714286,156.71428571428572,0.0,0.0,0.0,0.0,0.0
4,SAC,4.0,1,808.5,1959.5,475.5,635.5,137.5,409.0,337.5,685.5,1023.0,529.0,631.5,261.5,475.0,133.5,2230.0,809.5,1973.5,465.0,629.5,132.5,426.5,347.5,692.5,1040.0,494.5,624.5,247.0,488.5,135.5,2216.5,32.0,11.0,5.0,6.0,10.0,10.5,10.5,6550.0,138891.0,1.0,1.0,0.0,0.0,1.0,0.0,0.0,17.0,15.0,0.0,1.0,239.5,138.5,633.0,2015.0,332.0,641.0,973.0,440.5,225.5,133.0,408.5,565.5,1749.5,740.0,613.0,450.5,243.5,84.5,17.5,10.0,396.5,144.0,23.0,40.0,63.0,35.0,12.5,8.0,21.5,34.0,128.5,48.0,47.0,38.0,25.5,10.0,0.0,72.44444444444444,161.44444444444446,0.0,14.0,12.0,1.5,1.0
4,SEA,6.0,0,741.5,1884.5,416.5,574.5,155.0,459.0,334.0,609.0,943.0,463.0,614.0,277.5,454.0,139.0,2054.5,768.0,1784.0,426.0,573.0,113.5,333.5,301.5,709.0,1010.5,490.0,575.5,241.0,525.0,126.0,2075.5,32.0,7.5,8.5,6.0,10.0,8.0,13.0,6500.0,103515.5,1.0,0.0,1.0,0.0,0.0,0.0,0.0,13.5,18.5,0.0,1.0,301.5,191.33333333333331,527.7948717948718,2411.333333333333,319.1666666666667,650.5,969.6666666666666,542.0,290.1666666666667,144.33333333333334,469.0,579.3333333333333,2106.333333333333,862.1666666666666,629.8333333333334,493.6666666666667,542.6666666666666,193.33333333333331,11.833333333333334,7.166666666666667,313.8333333333333,102.33333333333331,8.333333333333334,21.0,29.33333333333333,24.666666666666664,13.5,4.333333333333333,17.166666666666668,24.83333333333333,95.16666666666669,35.833333333333336,24.166666666666668,20.666666666666668,35.166666666666664,10.0,0.0,72.0,166.53846153846155,0.0,18.0,14.0,2.0,3.0
5,HOU,2.0,0,791.5,1847.0,463.0,592.5,112.0,338.0,282.5,733.0,1015.5,457.5,478.5,245.5,452.5,127.5,2158.0,764.5,1955.0,328.0,450.0,160.0,494.5,303.5,686.0,989.5,481.0,620.0,244.5,447.0,96.5,2017.0,33.0,14.0,2.5,8.0,8.5,15.0,7.5,6625.0,169425.5,2.0,0.0,2.0,0.0,0.0,0.0,0.0,22.0,11.0,0.0,1.0,336.5,172.0,548.4615384615385,2549.0,333.5,737.5,1071.0,519.5,280.5,131.5,510.0,573.5,2211.0,916.0,741.0,557.0,495.0,160.0,28.5,9.0,519.0,190.0,30.5,63.0,93.5,39.5,21.5,14.0,32.0,46.0,180.0,69.0,47.0,37.0,46.0,15.0,0.0,72.0,161.6153846153846,0.0,22.0,11.0,1.0,2.0
5,LAS,1.0,1,892.5,2071.0,506.5,661.5,184.0,521.5,332.5,813.5,1146.0,585.0,673.0,249.5,493.5,161.0,2475.5,831.0,2093.5,492.0,675.5,179.5,530.5,315.0,717.0,1032.0,540.0,638.5,258.0,460.5,119.0,2333.5,33.0,11.5,5.0,13.0,3.5,17.0,5.5,6687.5,172172.0,2.0,2.0,0.0,2.0,0.0,1.0,1.0,24.5,8.5,0.0,1.0,244.0,215.0,884.1875,2537.5,308.5,850.0,1158.5,680.0,255.5,186.0,548.5,678.0,2119.0,916.0,728.0,553.5,435.0,152.0,46.0,43.0,1570.0,601.5,61.0,184.5,245.5,170.0,65.0,38.5,96.5,150.0,486.0,224.5,152.5,119.0,96.0,33.5,2.0,72.0,171.875,2.0,24.5,8.5,5.5,2.0
5,MIN,6.0,1,801.0,1876.5,416.5,601.0,173.0,512.0,335.0,684.0,1019.0,523.0,625.5,234.0,543.5,101.5,2191.5,812.5,1937.0,471.0,623.0,141.0,417.5,319.5,632.0,951.5,511.5,642.0,272.0,468.0,121.5,2237.0,33.0,9.0,7.5,5.0,11.5,10.0,12.5,6662.5,130063.5,1.0,0.0,1.0,0.0,0.0,0.0,0.0,14.0,19.0,0.0,1.0,176.16666666666669,146.83333333333334,755.0555555555555,1438.1666666666667,175.0,421.33333333333337,596.3333333333334,477.0,178.16666666666666,65.16666666666667,394.5,443.83333333333337,1264.1666666666667,498.6666666666666,389.33333333333337,285.6666666666667,468.0,155.16666666666669,11.166666666666666,9.666666666666666,291.3333333333333,74.33333333333333,7.0,26.83333333333333,33.833333333333336,41.333333333333336,15.0,3.333333333333333,29.666666666666668,33.333333333333336,72.5,22.333333333333336,22.0,20.0,33.5,9.666666666666666,0.0,72.16666666666667,168.16666666666666,0.0,18.0,16.0,1.0,2.0
5,PHO,7.0,0,797.0,1992.0,392.0,547.0,108.0,338.5,324.5,634.5,959.0,444.0,643.5,288.5,490.0,102.5,2094.0,842.0,1868.5,451.0,617.0,145.5,379.5,306.0,751.5,1057.5,520.5,633.5,271.5,550.5,136.5,2280.5,33.0,8.0,8.5,1.5,15.0,6.0,16.5,6662.5,142154.5,0.0,0.0,0.0,0.0,0.0,0.0,0.0,9.5,23.5,0.0,1.0,263.75,173.25,719.8888888888889,2142.5,370.25,678.5,1048.75,332.5,251.25,109.25,423.25,623.25,1922.25,791.0,611.0,437.0,361.5,123.5,3.0,3.0,99.0,34.5,1.0,7.5,8.5,7.0,3.5,0.5,5.5,7.0,31.5,13.0,8.5,6.5,8.0,2.0,0.0,73.44444444444444,172.33333333333334,0.0,0.0,0.0,0.0,0.0
5,SAC,4.5,1,821.0,2026.0,459.5,639.5,131.0,434.0,325.0,683.0,1008.0,534.0,658.0,272.0,458.5,115.5,2232.5,815.5,1967.5,475.0,639.0,149.0,460.0,348.5,737.0,1085.5,504.5,636.5,228.5,536.0,134.5,2255.0,33.0,11.0,5.5,5.5,11.0,10.5,12.0,6700.0,149878.5,1.0,1.0,0.0,0.0,1.0,0.0,0.0,16.5,16.5,0.0,1.0,285.5,149.0,637.6,2243.5,324.0,675.0,999.0,502.0,265.0,117.5,432.5,612.5,1973.0,823.5,646.0,461.0,413.5,135.5,34.0,15.0,687.0,207.0,26.5,80.5,107.0,50.0,12.5,11.5,43.0,60.0,196.0,76.0,53.0,41.0,48.5,14.0,0.0,72.4,163.8,0.0,12.0,4.0,3.0,3.0
5,SAS,6.0,0,792.0,2068.0,538.0,736.0,93.0,315.0,350.0,795.0,1145.0,428.0,728.0,187.0,513.0,167.0,2215.0,867.0,2176.0,544.0,745.0,149.0,482.0,389.0,783.0,1172.0,530.0,669.0,275.0,424.0,140.0,2427.0,34.0,9.0,8.0,3.0,14.0,10.0,14.0,6825.0,176526.0,0.0,0.0,0.0,0.0,0.0,0.0,0.0,12.0,22.0,0.0,1.0,336.6666666666667,220.16666666666663,671.3472222222223,3055.333333333333,500.3333333333333,985.0,1485.3333333333333,561.0,302.6666666666667,197.66666666666663,633.5,751.5,2656.1666666666665,1119.8333333333333,1028.6666666666667,763.8333333333334,234.33333333333331,51.833333333333336,16.166666666666668,12.5,473.1666666666667,178.16666666666666,18.0,64.5,82.5,32.166666666666664,13.833333333333334,13.5,42.0,44.0,150.33333333333334,63.66666666666666,60.66666666666667,45.333333333333336,15.5,5.5,0.0,67.08333333333333,172.41666666666666,0.0,22.0,22.0,0.0,0.0
5,SEA,4.5,1,842.0,1996.5,430.0,555.0,174.0,503.0,352.0,682.5,1034.5,531.0,633.5,257.0,471.0,144.5,2288.0,813.5,1928.5,438.0,589.0,123.5,389.5,329.5,675.5,1005.0,472.0,566.5,249.5,495.0,114.5,2188.5,33.0,11.5,5.0,6.0,10.5,10.5,12.0,6650.0,116315.5,1.0,0.0,1.0,0.0,0.0,0.0,0.0,17.5,15.5,0.0,1.0,279.1666666666667,165.16666666666666,644.7833333333333,2529.6666666666665,356.5,733.3333333333334,1089.8333333333333,521.6666666666666,253.66666666666663,146.0,458.1666666666666,623.1666666666666,2230.0,938.8333333333331,627.1666666666666,473.8333333333333,521.1666666666666,178.16666666666666,10.0,5.5,216.5,75.0,9.833333333333334,20.5,30.33333333333333,16.5,12.5,4.0,16.833333333333332,19.83333333333333,70.83333333333333,27.0,22.166666666666668,17.333333333333336,15.166666666666668,3.6666666666666665,0.0,72.6,168.3,0.0,18.0,15.0,0.0,1.0
6,HOU,4.0,1,813.0,1924.5,465.5,607.5,119.0,351.0,288.5,744.0,1032.5,458.0,522.5,236.5,467.0,118.0,2210.5,829.0,2019.0,358.0,489.5,160.5,467.0,316.5,714.0,1030.5,527.5,644.5,242.5,450.5,125.5,2176.5,34.0,11.5,5.5,5.0,12.0,10.5,12.5,6837.5,143829.0,1.0,0.0,1.0,0.0,0.0,0.0,0.0,16.5,17.5,0.0,1.0,325.0,241.0,817.7727272727273,3046.0,425.0,995.5,1420.5,701.5,337.5,138.0,603.0,700.0,2689.0,1135.0,839.5,641.0,394.5,135.0,11.0,8.5,314.0,116.0,18.5,34.5,53.0,20.5,15.5,6.0,18.5,25.0,103.0,41.0,35.0,28.5,21.0,5.5,0.0,71.63636363636364,157.27272727272728,1.0,16.5,17.5,0.5,1.0
6,LAS,1.0,1,899.0,2104.5,533.5,700.0,165.5,471.0,324.0,811.0,1135.0,606.5,706.5,252.0,499.5,154.5,2497.0,840.5,2121.0,530.5,731.5,185.0,525.5,327.5,758.0,1085.5,552.0,679.0,264.5,495.5,120.5,2396.5,34.0,13.0,4.0,11.5,5.5,16.5,6.5,6937.5,167601.5,2.0,1.0,1.0,1.0,0.0,0.0,1.0,24.5,9.5,0.0,1.0,305.5,186.0,602.4583333333334,2838.5,341.0,914.0,1255.0,635.0,269.0,159.5,530.0,723.0,2410.0,1035.0,798.0,614.0,448.5,154.5,33.5,27.0,1017.5,354.0,43.5,117.0,160.5,98.0,35.0,21.5,69.5,101.0,310.5,135.5,76.0,62.5,68.5,20.5,1.0,71.75,166.66666666666666,0.0,0.0,0.0,0.0,0.0
6,MIN,3.5,0,821.0,1939.0,452.0,632.0,178.5,533.0,346.5,721.0,1067.5,553.0,647.0,249.5,585.5,120.0,2272.5,841.0,2019.5,481.5,651.0,116.5,388.0,330.0,682.5,1012.5,518.0,671.0,302.0,486.5,129.5,2280.0,34.0,11.0,6.0,7.0,10.0,13.0,10.0,6850.0,122675.0,2.0,0.0,2.0,0.0,0.0,0.0,0.0,18.0,16.0,0.0,1.0,316.8333333333333,105.83333333333331,529.6363636363636,2048.333333333333,256.0,570.8333333333334,826.8333333333334,459.0,200.16666666666663,137.0,478.8333333333333,578.5,1779.6666666666667,722.6666666666666,566.5,424.1666666666667,512.5,178.83333333333334,21.33333333333333,6.0,382.1666666666667,119.0,10.5,30.83333333333333,41.333333333333336,28.5,6.666666666666667,5.5,29.83333333333333,32.166666666666664,105.66666666666669,42.833333333333336,33.0,23.0,28.33333333333333,10.333333333333334,0.0,71.63636363636364,168.1818181818182,0.0,18.0,16.0,0.5,2.0
6,PHO,6.0,0,813.5,2008.5,417.5,577.0,154.0,434.0,310.5,647.5,958.0,481.0,706.0,296.0,471.5,124.0,2198.5,809.0,1856.0,500.0,675.0,134.5,359.5,306.0,761.0,1067.0,482.5,663.5,250.5,573.0,141.5,2252.5,34.0,8.0,9.0,4.5,12.5,8.0,15.0,6875.0,140403.0,0.0,0.0,0.0,0.0,0.0,0.0,0.0,12.5,21.5,0.0,1.0,314.5,205.5,667.7272727272727,2567.833333333333,354.0,695.8333333333334,1049.8333333333333,491.1666666666666,274.0,119.0,452.3333333333333,718.6666666666666,2189.333333333333,922.3333333333334,718.0,529.1666666666666,539.0,194.0,5.5,5.5,151.5,47.0,7.0,14.5,21.5,4.5,6.5,4.0,9.5,13.0,41.5,17.5,15.0,10.5,5.0,1.5,0.0,72.72727272727273,170.1818181818182,0.0,17.0,17.0,0.0,0.0
6,SAC,3.5,1,868.0,2089.5,430.0,615.0,139.5,419.0,369.0,676.5,1045.5,543.5,641.0,305.5,473.0,120.0,2305.5,809.5,1931.5,454.5,614.0,155.0,462.5,327.5,713.5,1041.0,514.5,643.0,232.5,584.5,129.0,2228.5,34.0,11.0,6.0,7.5,9.5,12.5,10.5,6862.5,151561.0,2.0,2.0,0.0,0.0,2.0,0.0,0.0,18.5,15.5,0.0,1.0,262.5,100.5,659.1875,1693.5,320.0,587.5,907.5,433.0,242.5,100.0,387.0,535.0,1438.5,614.0,538.5,369.0,271.5,96.5,35.0,18.0,816.5,250.0,47.0,85.0,132.0,64.0,33.5,19.5,58.0,66.0,221.0,90.5,77.0,58.5,35.5,10.5,0.0,73.25,168.875,0.0,15.0,10.0,3.0,3.0
6,SAS,6.5,0,802.0,2004.0,513.0,682.0,86.0,281.0,326.0,748.0,1074.0,460.5,678.0,229.5,513.0,136.5,2203.0,877.5,2089.5,480.0,654.5,160.5,475.5,356.5,746.5,1103.0,552.5,646.5,277.5,458.0,134.5,2395.5,34.0,7.5,9.5,3.0,14.0,8.0,15.0,6850.0,159621.5,0.0,0.0,0.0,0.0,0.0,0.0,0.0,10.5,23.5,0.0,1.0,236.0,150.5,540.2777777777778,1678.5,181.0,444.5,625.5,372.5,179.0,37.0,346.5,431.0,1456.5,599.0,501.5,390.0,283.5,90.5,19.0,13.5,370.5,117.0,10.5,40.5,51.0,22.0,7.5,5.0,23.5,33.5,100.0,44.5,25.0,18.5,29.0,9.5,0.0,71.11111111111111,158.22222222222223,0.0,17.0,17.0,1.0,2.0
6,SEA,3.5,1,881.5,2035.0,483.0,621.5,166.5,469.5,346.0,720.5,1066.5,550.0,654.5,267.0,482.0,134.5,2412.5,847.5,2014.0,432.0,591.5,142.0,414.0,327.5,684.0,1011.5,481.5,624.0,248.5,493.0,120.5,2269.0,34.0,13.0,4.0,6.0,11.0,12.0,11.0,6837.5,127574.0,1.0,1.0,0.0,1.0,0.0,1.0,0.0,19.0,15.0,0.0,1.0,224.5,96.0,559.6875,1838.5,228.5,529.5,758.0,367.0,153.0,112.5,325.5,404.5,1541.0,677.5,442.0,342.5,400.0,141.0,30.5,13.5,593.5,248.0,30.5,66.0,96.5,46.5,24.0,12.5,43.0,50.5,205.0,91.5,51.0,43.0,44.5,22.0,0.0,73.375,166.125,0.0,19.0,15.0,3.0,1.0
7,HOU,4.5,1,829.0,1926.5,492.5,652.5,92.5,281.5,293.5,704.0,997.5,459.0,568.0,244.0,454.5,106.0,2243.0,841.0,1976.0,405.0,545.0,150.0,428.5,304.5,703.5,1008.0,540.0,670.0,227.5,476.0,120.0,2237.0,34.0,10.0,7.0,6.0,11.0,9.0,13.0,6862.5,129065.5,1.0,1.0,0.0,0.0,1.0,0.0,0.0,16.0,18.0,0.0,1.0,283.3333333333333,156.5,582.9242424242424,2145.833333333333,288.5,686.6666666666666,975.1666666666666,528.1666666666667,234.8333333333333,96.0,422.1666666666666,573.5,1843.0,800.8333333333334,643.3333333333334,470.1666666666666,219.33333333333331,74.0,23.666666666666668,12.0,495.6666666666666,166.5,19.5,59.833333333333336,79.33333333333333,33.66666666666667,15.5,5.5,37.833333333333336,48.5,135.33333333333334,60.5,53.33333333333333,40.5,14.666666666666666,5.0,0.5,72.45454545454545,165.27272727272728,2.0,16.0,18.0,1.0,1.5
7,LAS,2.5,1,888.5,2055.5,493.0,676.0,140.5,400.5,316.5,746.0,1062.5,588.5,734.0,263.0,510.5,142.0,2410.5,816.5,2025.0,542.0,735.0,178.0,515.0,335.5,718.0,1053.5,549.5,679.0,267.5,533.5,114.5,2353.0,34.0,13.0,4.0,8.0,9.0,14.0,8.0,6887.5,163895.0,2.0,0.0,2.0,0.0,0.0,0.0,0.0,21.0,13.0,0.0,1.0,243.0,140.5,637.7777777777778,2095.5,247.5,712.0,959.5,524.5,230.0,142.0,410.5,595.5,1819.5,806.0,560.0,407.5,231.0,76.0,12.0,8.5,321.5,96.0,14.5,36.0,50.5,17.5,10.0,7.5,18.0,30.0,85.5,37.0,22.5,16.5,14.0,5.5,0.0,72.11111111111111,165.11111111111111,2.0,4.0,2.0,0.0,2.0
7,MIN,4.5,0,784.0,1923.0,445.5,620.5,174.5,517.0,321.0,719.5,1040.5,528.5,642.0,257.5,574.5,133.0,2188.0,833.0,1995.5,462.5,630.5,110.5,353.0,333.5,712.0,1045.5,522.5,670.5,304.0,494.5,138.5,2239.0,34.0,11.0,6.0,5.0,12.0,10.5,11.5,6850.0,119272.0,1.0,0.0,1.0,0.0,0.0,0.0,0.0,16.0,18.0,0.0,1.0,197.5,78.66666666666666,439.14583333333337,1255.8333333333333,173.66666666666669,381.3333333333333,555.0,265.5,127.66666666666666,99.0,303.6666666666667,374.1666666666666,1119.5,461.83333333333337,376.6666666666666,266.5,190.33333333333331,65.66666666666667,4.666666666666666,2.0,99.83333333333334,30.666666666666664,3.5,7.5,11.0,7.333333333333334,1.0,1.5,8.333333333333334,7.666666666666666,30.333333333333336,12.333333333333332,8.0,4.5,5.0,1.5,0.0,73.0,176.0,0.0,16.0,18.0,0.0,1.0
7,PHO,5.0,0,826.0,1958.0,493.5,645.5,185.0,529.0,303.0,686.0,989.0,525.0,722.5,262.5,490.5,158.0,2330.5,819.5,1919.0,528.5,722.0,127.0,340.0,314.0,708.0,1022.0,463.0,666.0,245.5,509.5,124.5,2294.5,34.0,10.5,6.5,6.0,11.0,11.5,10.5,6812.5,130220.5,0.0,0.0,0.0,0.0,0.0,0.0,0.0,16.5,17.5,0.0,1.0,264.5,143.66666666666666,514.3484848484849,1949.0,251.0,553.1666666666666,804.1666666666667,500.6666666666666,217.66666666666663,86.0,399.8333333333333,600.3333333333334,1644.5,690.0,501.6666666666666,398.3333333333333,483.5,170.66666666666669,12.0,6.5,242.0,56.0,7.0,14.0,21.0,17.0,8.5,3.5,13.0,20.0,52.0,19.5,17.0,11.0,11.5,6.0,0.0,72.36363636363636,163.0909090909091,1.0,0.0,0.0,0.0,0.0
7,SAC,2.5,1,863.5,2029.0,464.5,662.5,129.0,362.5,379.0,654.5,1033.5,523.0,662.5,309.0,492.5,113.0,2320.5,777.0,1847.5,476.0,642.0,137.0,417.0,291.5,685.0,976.5,488.0,684.5,238.0,607.5,124.5,2167.0,34.0,12.5,4.5,9.0,8.0,14.5,7.5,6850.0,146378.5,2.0,2.0,0.0,1.0,1.0,1.0,0.0,21.5,12.5,0.0,1.0,255.0,123.5,690.6875,1913.5,316.0,586.0,902.0,449.5,270.5,89.5,397.0,506.0,1631.5,703.0,565.5,398.0,308.5,109.5,52.0,25.0,1195.5,395.0,57.5,127.0,184.5,99.0,55.0,17.5,76.5,101.0,343.5,148.0,103.0,75.5,58.5,23.5,0.5,72.625,165.375,1.0,21.5,12.5,5.0,2.0
7,SAS,7.0,0,788.0,1886.5,495.5,640.0,94.5,293.0,279.0,695.5,974.5,463.0,639.0,233.5,524.0,98.0,2166.0,893.0,2031.0,439.5,587.5,157.0,438.5,337.5,707.0,1044.5,569.0,654.5,281.5,460.5,138.5,2382.5,34.0,5.5,11.5,2.5,14.5,4.5,17.5,6837.5,138885.5,0.0,0.0,0.0,0.0,0.0,0.0,0.0,8.0,26.0,0.0,1.0,219.5,130.0,548.5555555555555,1480.0,130.0,388.0,518.0,438.5,150.0,39.5,371.5,419.0,1261.5,522.5,399.5,324.5,329.0,110.5,4.5,3.5,122.5,34.5,5.5,9.5,15.0,12.0,3.0,0.5,4.5,9.0,31.5,12.5,10.0,8.5,6.5,1.0,0.0,71.88888888888889,162.66666666666666,0.0,7.0,27.0,0.0,0.0
7,SEA,2.0,1,889.5,2045.5,534.0,682.0,154.5,434.0,336.5,742.5,1079.0,536.0,661.0,251.5,507.5,144.5,2467.5,871.5,2076.0,456.5,619.0,136.0,405.0,318.5,682.5,1001.0,537.5,684.5,259.5,482.5,145.5,2335.5,34.0,13.5,3.5,6.5,10.5,13.0,9.0,6825.0,142720.5,2.0,1.0,1.0,1.0,0.0,1.0,0.0,20.0,14.0,0.0,1.0,312.0,200.5,601.5,2548.5,346.5,840.5,1187.0,506.5,211.5,167.5,493.0,700.5,2087.5,928.0,678.5,527.0,451.5,165.5,34.5,25.0,841.0,304.5,32.5,88.0,120.5,62.0,31.5,14.5,55.5,79.5,262.0,108.0,76.0,66.5,62.0,22.0,0.0,72.58333333333333,169.75,0.0,20.0,14.0,3.5,2.0
8,HOU,3.0,0,894.0,2009.0,504.5,684.0,115.5,338.5,289.5,753.0,1042.5,499.5,599.0,249.0,495.5,94.5,2408.0,888.0,2088.0,432.0,587.0,148.0,459.5,305.5,737.0,1042.5,533.5,695.0,247.5,500.0,100.0,2356.0,34.0,11.5,5.5,7.0,10.0,11.0,10.0,6900.0,125631.0,2.0,1.0,1.0,0.0,1.0,0.0,0.0,18.5,15.5,0.0,1.0,334.5,137.5,536.2083333333334,2397.5,325.5,751.0,1076.5,458.0,254.5,97.5,471.5,649.5,1995.0,902.5,658.0,489.5,316.0,103.0,34.0,13.0,647.5,232.5,26.0,76.0,102.0,42.5,21.0,14.5,43.5,67.0,195.5,86.5,65.5,50.0,27.5,9.5,0.5,72.16666666666667,166.25,0.0,0.0,0.0,0.0,0.0
8,LAS,2.5,0,917.5,2118.5,498.0,678.0,117.5,382.0,335.5,767.5,1103.0,580.5,708.0,280.0,513.0,132.5,2450.5,845.5,2069.5,530.5,715.0,189.0,544.5,334.0,727.5,1061.5,566.0,645.0,265.5,550.0,121.5,2410.5,34.0,13.0,4.0,8.0,9.0,13.5,7.5,6812.5,145901.5,2.0,1.0,1.0,0.0,1.0,0.0,0.0,21.0,13.0,0.0,1.0,342.66666666666663,143.0,525.7179487179487,2414.5,374.5,796.5,1171.0,510.1666666666666,270.8333333333333,100.5,465.6666666666667,714.5,2138.333333333333,926.1666666666666,618.0,484.3333333333333,284.3333333333333,77.83333333333334,27.5,15.166666666666666,657.5,237.66666666666669,41.16666666666666,83.66666666666667,124.83333333333331,45.16666666666666,20.166666666666668,13.5,33.5,65.5,217.33333333333331,92.66666666666669,52.33333333333333,38.83333333333333,38.0,13.5,0.5,72.53846153846153,165.0,0.0,0.0,0.0,0.0,0.0
8,MIN,6.5,0,873.0,2078.5,461.0,641.0,160.0,455.5,325.0,759.5,1084.5,511.0,639.0,225.5,533.0,120.0,2367.0,933.0,2166.5,491.5,655.5,154.0,459.0,358.0,771.5,1129.5,581.0,649.0,291.5,462.5,134.0,2511.5,34.0,9.5,7.5,2.5,14.5,7.5,13.5,6837.5,111484.5,0.0,0.0,0.0,0.0,0.0,0.0,0.0,12.0,22.0,0.0,1.0,204.8333333333333,118.0,559.6875,1858.3333333333333,157.66666666666666,436.3333333333333,594.0,358.66666666666663,130.16666666666666,54.0,345.3333333333333,369.1666666666666,1572.3333333333333,680.8333333333334,478.6666666666666,377.8333333333333,328.66666666666663,118.83333333333334,2.333333333333333,0.0,7.333333333333333,0.6666666666666666,0.0,1.0,1.0,1.0,0.0,1.0,0.0,1.3333333333333333,0.0,0.0,0.6666666666666666,0.6666666666666666,0.0,0.0,0.0,72.0,165.875,0.0,0.0,0.0,0.0,0.0
8,PHO,5.0,1,952.5,2214.0,534.0,688.5,221.5,630.5,338.0,765.5,1103.5,594.5,719.0,259.0,479.5,153.0,2660.5,939.0,2176.5,576.5,786.0,162.0,475.0,363.5,790.0,1153.5,524.0,670.5,248.0,510.0,119.0,2616.5,34.0,10.5,6.5,6.5,10.5,10.0,11.0,6850.0,125473.5,0.0,0.0,0.0,0.0,0.0,0.0,0.0,17.0,17.0,0.0,1.0,352.0,172.5,626.5833333333334,3195.5,335.0,742.5,1077.5,601.5,284.5,142.0,524.0,802.5,2661.5,1148.5,790.0,624.0,771.5,274.5,12.5,2.5,171.5,42.5,6.5,9.0,15.5,15.5,6.5,2.5,8.5,18.0,40.0,16.0,9.0,6.0,9.5,4.5,0.0,72.66666666666667,168.16666666666666,0.0,18.0,16.0,0.0,0.0
8,SAC,1.5,1,886.0,2088.0,518.0,731.0,143.0,410.5,393.5,697.0,1090.5,518.0,677.0,317.0,521.0,98.0,2433.0,811.5,1922.0,491.0,657.0,134.5,441.5,283.5,709.5,993.0,485.0,705.0,239.5,627.5,137.5,2248.5,34.0,14.5,2.5,8.5,8.5,13.5,7.5,6837.5,146476.0,2.0,2.0,0.0,2.0,0.0,1.0,1.0,23.0,11.0,0.0,1.0,366.0,156.5,588.4166666666666,2397.5,395.5,821.5,1217.0,522.0,316.0,94.0,472.5,665.5,2096.0,865.0,742.5,514.5,436.5,153.0,68.5,42.5,1545.0,571.5,82.5,172.5,255.0,126.0,56.0,16.5,90.0,131.5,488.0,212.0,146.0,104.5,99.0,43.0,0.0,73.0,166.83333333333334,0.0,0.0,0.0,0.0,0.0
8,SAS,6.5,1,839.5,2044.0,503.5,662.0,149.5,447.5,305.0,752.0,1057.0,486.5,630.0,220.5,511.5,86.5,2332.0,936.0,2160.5,476.5,625.5,153.5,433.5,361.5,784.5,1146.0,561.5,663.0,268.5,454.5,138.5,2502.0,34.0,5.5,11.5,4.5,12.5,6.5,14.5,6800.0,130401.5,0.0,0.0,0.0,0.0,0.0,0.0,0.0,10.0,24.0,0.0,1.0,246.0,204.5,709.0,2222.0,280.5,690.0,970.5,507.0,248.5,93.0,436.5,582.0,1972.5,800.0,625.5,496.0,373.5,126.0,8.0,8.0,214.0,55.0,7.5,20.5,28.0,8.0,3.5,7.5,17.0,26.0,55.5,23.0,7.5,6.5,6.5,2.5,1.0,71.77777777777777,168.11111111111111,0.0,10.0,24.0,0.0,0.0
8,SEA,3.0,1,933.5,2095.0,553.0,700.0,151.0,452.0,325.0,798.5,1123.5,517.0,669.5,216.5,543.0,142.5,2571.0,916.0,2190.5,510.5,676.5,148.5,451.5,328.0,697.5,1025.5,544.0,687.0,282.0,461.5,134.5,2491.0,34.0,11.5,5.5,7.5,9.5,11.5,9.5,6812.5,148407.0,2.0,0.0,2.0,0.0,0.0,0.0,0.0,19.0,15.0,0.0,1.0,351.5,196.66666666666663,561.3205128205128,2679.833333333333,360.8333333333333,845.5,1206.3333333333333,562.6666666666666,212.83333333333331,153.66666666666666,549.5,704.1666666666666,2238.0,975.5,710.0,550.5,511.5,178.33333333333334,21.666666666666668,15.0,518.6666666666666,184.5,16.5,52.5,69.0,41.0,16.0,9.0,32.0,48.5,160.5,61.0,56.66666666666666,48.5,55.0,14.0,0.5,72.92307692307692,170.07692307692307,1.0,19.0,15.0,1.0,2.0
9,HOU,4.0,0,921.5,2123.5,518.0,699.5,147.5,418.5,338.5,796.0,1134.5,545.0,636.0,270.5,599.5,96.5,2508.5,926.0,2211.0,511.5,667.0,175.0,538.5,339.5,754.0,1093.5,557.0,691.0,304.0,543.5,124.5,2538.5,34.0,9.5,7.5,6.0,11.0,10.5,10.5,6862.5,134701.0,1.0,0.0,1.0,0.0,0.0,0.0,0.0,15.5,18.5,0.0,1.0,296.0,156.0,624.85,2464.5,333.0,727.0,1060.0,454.5,249.5,91.5,526.5,653.0,2111.5,896.0,681.0,519.5,427.0,153.0,17.5,4.5,337.0,132.0,16.5,32.5,49.0,31.5,11.5,5.0,22.0,39.5,116.5,46.0,34.0,27.0,34.5,13.0,0.5,71.9,166.2,0.0,13.0,21.0,0.0,0.0
9,LAS,4.0,1,951.0,2250.0,516.5,676.5,135.5,416.5,353.0,817.5,1170.5,582.0,705.5,270.5,552.5,118.0,2554.0,913.5,2198.0,571.5,760.5,193.5,553.5,339.5,791.0,1130.5,590.5,620.5,287.0,553.0,132.5,2592.0,34.0,10.0,7.0,7.5,9.5,10.5,10.5,6862.5,144546.0,1.0,1.0,0.0,0.0,1.0,0.0,0.0,17.5,16.5,0.0,1.0,327.8333333333333,205.5,635.1818181818181,2761.5,384.5,1034.8333333333333,1419.3333333333337,539.6666666666666,257.5,205.3333333333333,570.5,762.5,2402.1666666666665,1046.6666666666667,700.6666666666667,524.5,413.1666666666666,143.66666666666669,25.0,15.5,602.0,212.0,39.5,84.0,123.5,38.5,25.5,23.5,39.5,65.0,202.5,78.5,62.5,49.5,16.0,5.5,0.0,66.18181818181819,168.36363636363637,2.0,10.0,24.0,0.0,0.0
9,MIN,6.5,0,958.0,2283.0,508.0,677.5,155.5,457.5,368.5,794.5,1163.0,543.5,683.5,215.5,545.5,104.0,2579.5,996.0,2254.5,581.0,752.0,170.5,501.5,345.0,816.0,1161.0,595.0,639.0,293.5,483.5,135.5,2743.5,34.0,7.5,9.5,2.5,14.5,7.0,14.0,6850.0,115270.5,0.0,0.0,0.0,0.0,0.0,0.0,0.0,10.0,24.0,0.0,1.0,321.5,176.5,609.5,2557.5,340.5,787.5,1128.0,574.0,215.5,144.0,489.5,658.0,2265.0,943.5,675.5,527.5,421.0,143.0,5.0,4.0,149.5,62.5,4.0,12.5,16.5,5.5,5.0,1.0,4.5,11.0,50.0,23.0,10.0,10.0,19.0,6.5,0.0,72.0,168.36363636363637,0.0,10.0,24.0,0.0,0.0
9,PHO,3.0,0,1071.0,2426.5,576.5,719.0,274.0,762.0,306.5,842.0,1148.5,661.5,699.5,280.0,464.0,143.0,2992.5,1022.5,2443.0,600.0,784.0,246.5,690.0,426.5,910.0,1336.5,603.0,676.5,237.5,566.0,117.5,2891.5,34.0,11.0,6.0,9.5,7.5,12.5,8.5,6875.0,129162.5,1.0,1.0,0.0,1.0,0.0,1.0,0.0,20.5,13.5,0.0,1.0,264.0,152.5,660.5,2614.0,232.0,674.5,906.5,568.0,228.0,100.0,403.5,541.0,2191.5,943.5,591.0,466.5,708.5,260.5,29.0,18.0,703.0,349.5,35.0,83.5,118.5,67.0,25.0,13.5,38.0,58.5,264.0,122.5,73.5,61.0,111.0,43.5,0.5,72.22222222222223,166.88888888888889,0.0,0.0,0.0,0.0,0.0
9,SAC,2.5,1,910.0,2202.0,557.0,743.0,155.0,445.0,435.0,721.5,1156.5,523.0,656.0,327.5,576.5,94.5,2532.0,881.5,2051.0,508.0,662.5,171.0,527.0,301.0,721.5,1022.5,524.5,688.0,259.0,641.0,142.0,2442.0,34.0,13.0,4.0,7.0,10.0,11.0,10.0,6912.5,145157.0,2.0,1.0,1.0,1.0,0.0,0.0,1.0,20.0,14.0,0.0,1.0,259.5,122.0,581.8333333333334,1820.0,314.5,605.0,919.5,389.0,240.0,67.5,363.5,461.5,1624.5,647.0,534.0,395.0,379.0,131.0,36.0,24.0,792.5,294.5,43.0,84.0,127.0,64.0,34.0,12.5,50.0,69.0,257.5,108.5,73.0,51.5,63.0,26.0,0.0,73.0,164.66666666666666,0.0,19.0,15.0,1.0,2.0
9,SAS,4.0,1,919.0,2215.5,484.0,624.5,198.0,561.0,338.5,789.0,1127.5,553.5,631.5,264.5,523.0,106.5,2520.0,939.0,2200.5,509.5,664.0,156.0,456.5,366.5,820.5,1187.0,538.0,630.0,255.5,531.5,133.0,2543.5,34.0,7.5,9.5,9.0,8.0,11.5,9.5,6837.5,127214.5,1.0,1.0,0.0,0.0,1.0,0.0,0.0,16.5,17.5,0.0,1.0,198.5,144.0,573.625,1620.0,193.5,525.0,718.5,445.0,190.0,88.0,342.5,416.5,1433.0,603.5,383.0,310.0,293.5,103.0,22.0,17.5,510.5,189.0,27.5,54.0,81.5,46.5,15.0,15.5,35.0,49.0,168.0,72.0,31.0,24.5,46.5,20.5,0.5,70.875,164.125,0.0,16.5,17.5,1.0,1.5
9,SEA,4.0,1,962.5,2167.0,572.0,713.5,192.0,557.0,335.5,820.5,1156.0,523.5,651.0,237.0,551.5,139.0,2689.0,963.5,2269.5,504.5,646.5,179.5,506.0,327.5,735.0,1062.5,555.5,662.5,284.5,490.0,113.5,2611.0,34.0,10.5,6.5,7.0,10.0,10.5,10.5,6812.5,140608.5,2.0,0.0,2.0,0.0,0.0,0.0,0.0,17.5,16.5,0.0,1.0,286.1666666666667,157.83333333333334,643.2833333333333,2438.0,362.8333333333333,794.0,1156.8333333333333,525.0,248.0,127.66666666666669,462.5,537.6666666666666,1991.0,866.3333333333334,732.8333333333334,569.5,405.5,135.83333333333334,32.833333333333336,23.166666666666668,780.0,290.1666666666667,49.833333333333336,96.5,146.33333333333334,58.5,19.666666666666668,20.666666666666668,51.0,67.83333333333333,238.16666666666663,104.33333333333331,95.16666666666669,70.5,33.5,11.0,0.0,73.4,172.3,0.0,0.0,0.0,0.0,0.0
10,LAS,5.0,1,947.0,2276.5,516.0,672.0,155.5,470.5,371.0,839.5,1210.5,583.5,722.5,248.0,589.5,161.5,2565.5,921.0,2261.0,585.5,775.5,188.0,542.0,351.0,802.0,1153.0,564.5,661.0,296.5,536.5,139.0,2615.5,34.0,8.5,8.5,6.5,10.5,9.0,12.0,6950.0,154724.5,1.0,1.0,0.0,0.0,1.0,0.0,0.0,15.0,19.0,0.0,1.0,287.0,221.0,823.5555555555555,3254.5,425.0,1088.5,1513.5,674.5,291.5,251.5,721.0,689.0,2764.5,1181.0,917.5,709.0,556.5,183.5,27.5,22.0,763.0,289.0,50.5,112.0,162.5,70.0,32.0,32.0,66.5,87.5,258.0,108.5,79.5,57.0,50.0,15.0,2.5,71.88888888888889,172.11111111111111,0.0,15.0,19.0,1.5,1.5
10,MIN,6.5,0,981.0,2329.0,591.5,769.0,148.0,454.5,375.0,788.5,1163.5,576.5,732.0,273.5,516.5,113.0,2701.5,981.0,2207.5,613.0,797.0,161.5,473.5,334.0,831.0,1165.0,576.0,696.5,263.5,554.0,143.5,2736.5,34.0,8.0,9.0,5.0,12.0,8.0,13.0,6887.5,119741.0,0.0,0.0,0.0,0.0,0.0,0.0,0.0,13.0,21.0,0.0,1.0,256.5,134.5,635.3888888888889,2576.5,339.0,694.5,1033.5,449.0,267.0,141.5,398.0,648.5,2031.5,917.5,781.0,618.5,360.0,123.0,4.5,4.5,148.5,52.5,9.5,14.5,24.0,16.0,6.0,0.5,9.0,9.0,38.5,17.5,16.5,13.5,13.0,4.0,0.0,72.88888888888889,175.0,0.0,0.0,0.0,0.0,0.0
10,PHO,3.5,1,1066.0,2452.0,629.0,763.5,256.5,751.5,327.0,862.0,1189.0,621.5,726.0,258.5,487.5,157.5,3017.5,1029.0,2493.0,632.0,824.0,266.5,728.5,442.5,901.5,1344.0,639.0,700.5,239.0,547.5,119.0,2956.5,34.0,11.0,6.0,8.5,8.5,12.5,8.5,6837.5,138195.5,1.0,1.0,0.0,1.0,0.0,1.0,0.0,19.5,14.5,0.0,1.0,293.0,196.0,599.2272727272727,3158.0,322.5,831.0,1153.5,590.0,255.5,147.0,476.5,711.5,2553.5,1101.5,852.5,713.0,720.5,242.0,31.5,22.5,897.0,484.5,48.0,120.0,168.0,95.5,37.5,23.0,57.5,83.5,349.5,162.0,128.5,112.5,120.5,48.0,0.5,71.45454545454545,165.0909090909091,0.0,16.0,18.0,0.0,0.0
10,SAC,3.5,0,892.0,2186.5,591.5,780.5,160.5,433.5,420.0,722.0,1142.0,505.0,666.0,322.0,598.5,89.0,2536.0,924.5,2104.5,490.5,643.0,186.0,544.5,308.0,742.5,1050.5,561.5,724.0,270.5,636.5,173.5,2525.5,34.0,12.5,4.5,6.0,11.0,10.5,10.5,6875.0,140820.5,2.0,0.0,2.0,0.0,0.0,0.0,0.0,18.5,15.5,0.0,1.0,316.8333333333333,167.16666666666666,609.7878787878789,2500.0,399.3333333333333,696.0,1095.3333333333333,506.0,321.3333333333333,84.5,517.1666666666666,646.0,2102.1666666666665,862.0,778.0,604.5,447.5,171.5,25.166666666666668,13.5,517.6666666666666,212.83333333333331,24.166666666666668,57.333333333333336,81.5,47.833333333333336,23.166666666666668,7.666666666666667,41.5,59.5,161.33333333333334,80.5,49.5,40.0,32.5,11.833333333333334,0.5,72.63636363636364,167.1818181818182,0.0,18.5,15.5,1.0,2.0
10,SAS,1.5,1,912.0,2128.0,512.5,635.5,195.0,552.5,284.5,805.5,1090.0,584.0,627.5,277.5,541.5,140.0,2531.5,904.0,2205.0,500.0,661.0,143.0,468.5,375.0,796.5,1171.5,508.0,642.5,267.5,555.5,123.0,2451.0,34.0,12.0,5.0,10.0,7.0,11.5,9.5,6862.5,132201.0,2.0,2.0,0.0,1.0,1.0,0.0,1.0,22.0,12.0,0.0,1.0,248.5,160.0,735.125,2310.5,218.5,726.5,945.0,561.5,241.5,121.0,433.0,510.5,1909.5,851.5,541.5,436.5,484.5,171.0,55.5,35.5,1387.0,534.5,61.5,147.5,209.0,122.5,42.0,27.5,95.5,113.5,462.0,192.5,126.0,103.5,125.0,46.0,0.5,70.25,163.25,0.0,22.0,12.0,3.0,4.0
10,SEA,3.0,1,931.5,2161.0,567.0,721.5,183.5,546.0,342.0,821.0,1163.0,531.5,652.0,255.5,529.5,145.5,2613.5,924.0,2242.5,495.0,633.0,183.5,533.5,332.5,760.5,1093.0,544.5,658.0,267.5,505.0,113.5,2526.5,34.0,14.0,3.0,5.5,11.5,12.0,9.0,6812.5,138028.0,2.0,0.0,2.0,0.0,0.0,0.0,0.0,19.5,14.5,0.0,1.0,323.0,157.33333333333334,615.2727272727273,2401.333333333333,324.1666666666667,765.5,1089.6666666666667,593.6666666666666,240.3333333333333,154.0,509.33333333333337,632.0,2029.3333333333333,861.0,668.8333333333334,520.3333333333334,472.5,159.0,30.166666666666668,13.5,608.5,206.16666666666663,28.166666666666664,62.83333333333333,91.0,49.66666666666666,20.666666666666668,10.5,44.16666666666667,52.833333333333336,184.16666666666663,77.0,50.5,38.0,44.333333333333336,14.166666666666666,0.0,72.0909090909091,171.36363636363637,0.0,22.0,12.0,1.0,2.0
