year,tmID,playoff,confID_EA,confID_WE,total_wins,total_losses,GP,GS,minutes,points,oRebounds,dRebounds,rebounds,assists,steals,blocks,turnovers,PF,fgAttempted,fgMade,ftAttempted,ftMade,threeAttempted,threeMade,dq,PostGP,PostGS,PostMinutes,PostPoints,PostoRebounds,PostdRebounds,PostRebounds,PostAssists,PostSteals,PostBlocks,PostTurnovers,PostPF,PostfgAttempted,PostfgMade,PostftAttempted,PostftMade,PostthreeAttempted,PostthreeMade,PostDQ,height,weight,award_count_x,won,lost,post_wins,post_losses,award_count_y,W,L
1,CHA,0,1.0,0.0,0.0,0.0,0.0,0.0,0.0,0.0,0.0,0.0,0.0,0.0,0.0,0.0,0.0,0.0,0.0,0.0,0.0,0.0,0.0,0.0,0.0,0.0,0.0,0.0,0.0,0.0,0.0,0.0,0.0,0.0,0.0,0.0,0.0,0.0,0.0,0.0,0.0,0.0,0.0,0.0,0.0,0.0,0.0,0.0,0.0,0.0,0.0,0.0,0.0,0.0
1,CLE,1,1.0,0.0,0.0,0.0,0.0,0.0,0.0,0.0,0.0,0.0,0.0,0.0,0.0,0.0,0.0,0.0,0.0,0.0,0.0,0.0,0.0,0.0,0.0,0.0,0.0,0.0,0.0,0.0,0.0,0.0,0.0,0.0,0.0,0.0,0.0,0.0,0.0,0.0,0.0,0.0,0.0,0.0,0.0,0.0,0.0,0.0,0.0,0.0,0.0,0.0,0.0,0.0
1,DET,0,1.0,0.0,0.0,0.0,0.0,0.0,0.0,0.0,0.0,0.0,0.0,0.0,0.0,0.0,0.0,0.0,0.0,0.0,0.0,0.0,0.0,0.0,0.0,0.0,0.0,0.0,0.0,0.0,0.0,0.0,0.0,0.0,0.0,0.0,0.0,0.0,0.0,0.0,0.0,0.0,0.0,0.0,0.0,0.0,0.0,0.0,0.0,0.0,0.0,0.0,0.0,0.0
1,HOU,1,0.0,1.0,0.0,0.0,0.0,0.0,0.0,0.0,0.0,0.0,0.0,0.0,0.0,0.0,0.0,0.0,0.0,0.0,0.0,0.0,0.0,0.0,0.0,0.0,0.0,0.0,0.0,0.0,0.0,0.0,0.0,0.0,0.0,0.0,0.0,0.0,0.0,0.0,0.0,0.0,0.0,0.0,0.0,0.0,0.0,0.0,0.0,0.0,0.0,0.0,0.0,0.0
1,IND,0,1.0,0.0,0.0,0.0,0.0,0.0,0.0,0.0,0.0,0.0,0.0,0.0,0.0,0.0,0.0,0.0,0.0,0.0,0.0,0.0,0.0,0.0,0.0,0.0,0.0,0.0,0.0,0.0,0.0,0.0,0.0,0.0,0.0,0.0,0.0,0.0,0.0,0.0,0.0,0.0,0.0,0.0,0.0,0.0,0.0,0.0,0.0,0.0,0.0,0.0,0.0,0.0
1,LAS,1,0.0,1.0,0.0,0.0,0.0,0.0,0.0,0.0,0.0,0.0,0.0,0.0,0.0,0.0,0.0,0.0,0.0,0.0,0.0,0.0,0.0,0.0,0.0,0.0,0.0,0.0,0.0,0.0,0.0,0.0,0.0,0.0,0.0,0.0,0.0,0.0,0.0,0.0,0.0,0.0,0.0,0.0,0.0,0.0,0.0,0.0,0.0,0.0,0.0,0.0,0.0,0.0
1,MIA,0,1.0,0.0,0.0,0.0,0.0,0.0,0.0,0.0,0.0,0.0,0.0,0.0,0.0,0.0,0.0,0.0,0.0,0.0,0.0,0.0,0.0,0.0,0.0,0.0,0.0,0.0,0.0,0.0,0.0,0.0,0.0,0.0,0.0,0.0,0.0,0.0,0.0,0.0,0.0,0.0,0.0,0.0,0.0,0.0,0.0,0.0,0.0,0.0,0.0,0.0,0.0,0.0
1,MIN,0,0.0,1.0,0.0,0.0,0.0,0.0,0.0,0.0,0.0,0.0,0.0,0.0,0.0,0.0,0.0,0.0,0.0,0.0,0.0,0.0,0.0,0.0,0.0,0.0,0.0,0.0,0.0,0.0,0.0,0.0,0.0,0.0,0.0,0.0,0.0,0.0,0.0,0.0,0.0,0.0,0.0,0.0,0.0,0.0,0.0,0.0,0.0,0.0,0.0,0.0,0.0,0.0
1,NYL,1,1.0,0.0,0.0,0.0,0.0,0.0,0.0,0.0,0.0,0.0,0.0,0.0,0.0,0.0,0.0,0.0,0.0,0.0,0.0,0.0,0.0,0.0,0.0,0.0,0.0,0.0,0.0,0.0,0.0,0.0,0.0,0.0,0.0,0.0,0.0,0.0,0.0,0.0,0.0,0.0,0.0,0.0,0.0,0.0,0.0,0.0,0.0,0.0,0.0,0.0,0.0,0.0
1,ORL,1,1.0,0.0,0.0,0.0,0.0,0.0,0.0,0.0,0.0,0.0,0.0,0.0,0.0,0.0,0.0,0.0,0.0,0.0,0.0,0.0,0.0,0.0,0.0,0.0,0.0,0.0,0.0,0.0,0.0,0.0,0.0,0.0,0.0,0.0,0.0,0.0,0.0,0.0,0.0,0.0,0.0,0.0,0.0,0.0,0.0,0.0,0.0,0.0,0.0,0.0,0.0,0.0
1,PHO,1,0.0,1.0,0.0,0.0,0.0,0.0,0.0,0.0,0.0,0.0,0.0,0.0,0.0,0.0,0.0,0.0,0.0,0.0,0.0,0.0,0.0,0.0,0.0,0.0,0.0,0.0,0.0,0.0,0.0,0.0,0.0,0.0,0.0,0.0,0.0,0.0,0.0,0.0,0.0,0.0,0.0,0.0,0.0,0.0,0.0,0.0,0.0,0.0,0.0,0.0,0.0,0.0
1,POR,0,0.0,1.0,0.0,0.0,0.0,0.0,0.0,0.0,0.0,0.0,0.0,0.0,0.0,0.0,0.0,0.0,0.0,0.0,0.0,0.0,0.0,0.0,0.0,0.0,0.0,0.0,0.0,0.0,0.0,0.0,0.0,0.0,0.0,0.0,0.0,0.0,0.0,0.0,0.0,0.0,0.0,0.0,0.0,0.0,0.0,0.0,0.0,0.0,0.0,0.0,0.0,0.0
1,SAC,1,0.0,1.0,0.0,0.0,0.0,0.0,0.0,0.0,0.0,0.0,0.0,0.0,0.0,0.0,0.0,0.0,0.0,0.0,0.0,0.0,0.0,0.0,0.0,0.0,0.0,0.0,0.0,0.0,0.0,0.0,0.0,0.0,0.0,0.0,0.0,0.0,0.0,0.0,0.0,0.0,0.0,0.0,0.0,0.0,0.0,0.0,0.0,0.0,0.0,0.0,0.0,0.0
1,SEA,0,0.0,1.0,0.0,0.0,0.0,0.0,0.0,0.0,0.0,0.0,0.0,0.0,0.0,0.0,0.0,0.0,0.0,0.0,0.0,0.0,0.0,0.0,0.0,0.0,0.0,0.0,0.0,0.0,0.0,0.0,0.0,0.0,0.0,0.0,0.0,0.0,0.0,0.0,0.0,0.0,0.0,0.0,0.0,0.0,0.0,0.0,0.0,0.0,0.0,0.0,0.0,0.0
1,UTA,0,0.0,1.0,0.0,0.0,0.0,0.0,0.0,0.0,0.0,0.0,0.0,0.0,0.0,0.0,0.0,0.0,0.0,0.0,0.0,0.0,0.0,0.0,0.0,0.0,0.0,0.0,0.0,0.0,0.0,0.0,0.0,0.0,0.0,0.0,0.0,0.0,0.0,0.0,0.0,0.0,0.0,0.0,0.0,0.0,0.0,0.0,0.0,0.0,0.0,0.0,0.0,0.0
1,WAS,1,1.0,0.0,0.0,0.0,0.0,0.0,0.0,0.0,0.0,0.0,0.0,0.0,0.0,0.0,0.0,0.0,0.0,0.0,0.0,0.0,0.0,0.0,0.0,0.0,0.0,0.0,0.0,0.0,0.0,0.0,0.0,0.0,0.0,0.0,0.0,0.0,0.0,0.0,0.0,0.0,0.0,0.0,0.0,0.0,0.0,0.0,0.0,0.0,0.0,0.0,0.0,0.0
2,CHA,1,1.0,0.0,0.0,0.0,28.88888888888889,13.555555555555555,636.5555555555555,217.66666666666666,24.333333333333332,54.111111111111114,78.44444444444444,63.333333333333336,24.666666666666668,7.333333333333333,46.888888888888886,65.44444444444444,185.33333333333334,76.22222222222223,61.333333333333336,47.22222222222222,56.77777777777778,18.0,0.6666666666666666,1.3333333333333333,0.4444444444444444,20.22222222222222,5.111111111111111,1.3333333333333333,2.111111111111111,3.4444444444444446,1.4444444444444444,0.7777777777777778,0.2222222222222222,1.3333333333333333,2.888888888888889,5.222222222222222,1.6666666666666667,1.7777777777777777,1.1111111111111112,2.888888888888889,0.6666666666666666,0.0,71.33333333333333,166.11111111111111,0.0,9.0,23.0,0.0,0.0,0.0,0.0,0.0
2,CLE,1,1.0,0.0,2.0,1.0,24.76923076923077,10.0,483.15384615384613,160.30769230769232,25.46153846153846,46.38461538461539,71.84615384615384,35.84615384615385,20.076923076923077,7.153846153846154,37.53846153846154,50.92307692307692,134.3846153846154,59.69230769230769,43.0,32.07692307692308,26.615384615384617,8.846153846153847,0.5384615384615384,4.384615384615385,1.8461538461538463,81.38461538461539,24.53846153846154,5.3076923076923075,9.461538461538462,14.76923076923077,5.538461538461538,3.6153846153846154,0.9230769230769231,5.0,6.615384615384615,22.76923076923077,9.384615384615385,6.6923076923076925,4.6923076923076925,4.3076923076923075,1.0769230769230769,0.0,71.53846153846153,168.53846153846155,0.0,17.0,15.0,3.0,3.0,0.0,3.0,3.0
2,DET,0,1.0,0.0,0.0,0.0,28.571428571428573,21.428571428571427,688.5714285714286,255.14285714285714,37.714285714285715,68.14285714285714,105.85714285714286,53.714285714285715,26.0,8.142857142857142,55.0,67.57142857142857,216.28571428571428,95.42857142857143,78.14285714285714,58.142857142857146,23.428571428571427,6.142857142857143,0.2857142857142857,0.0,0.0,0.0,0.0,0.0,0.0,0.0,0.0,0.0,0.0,0.0,0.0,0.0,0.0,0.0,0.0,0.0,0.0,0.0,71.85714285714286,166.85714285714286,0.0,0.0,0.0,0.0,0.0,0.0,0.0,0.0
2,HOU,1,0.0,1.0,6.0,0.0,25.714285714285715,13.428571428571429,507.42857142857144,162.71428571428572,28.857142857142858,61.714285714285715,90.57142857142857,22.714285714285715,19.0,7.857142857142857,29.714285714285715,49.142857142857146,126.14285714285714,59.285714285714285,42.0,33.857142857142854,30.142857142857142,10.285714285714286,0.2857142857142857,4.428571428571429,2.5714285714285716,108.28571428571429,25.428571428571427,6.857142857142857,12.0,18.857142857142858,4.142857142857143,3.857142857142857,1.7142857142857142,6.142857142857143,8.714285714285714,21.857142857142858,9.571428571428571,4.714285714285714,4.285714285714286,5.285714285714286,2.0,0.0,72.42857142857143,172.57142857142858,0.14285714285714285,27.0,5.0,6.0,0.0,0.0,6.0,0.0
2,IND,0,1.0,0.0,0.0,0.0,29.4,14.0,621.9,206.0,28.2,62.5,90.7,44.5,27.7,9.2,44.9,63.9,178.5,73.3,52.5,39.5,55.5,19.9,0.9,0.6,0.1,6.9,2.1,0.5,1.0,1.5,0.4,0.0,0.1,0.2,0.4,2.4,1.0,0.1,0.0,0.5,0.1,0.0,71.8,166.6,0.0,0.0,0.0,0.0,0.0,0.0,0.0,0.0
2,LAS,1,0.0,1.0,2.0,0.0,30.11111111111111,21.0,742.6666666666666,287.0,38.111111111111114,97.55555555555556,135.66666666666666,67.88888888888889,31.77777777777778,19.11111111111111,53.333333333333336,84.0,231.55555555555554,104.88888888888889,79.11111111111111,62.0,43.22222222222222,15.222222222222221,1.7777777777777777,3.2222222222222223,2.2222222222222223,79.11111111111111,30.88888888888889,4.444444444444445,9.222222222222221,13.666666666666666,7.777777777777778,2.3333333333333335,1.2222222222222223,6.0,7.333333333333333,24.88888888888889,11.222222222222221,6.666666666666667,5.444444444444445,6.777777777777778,3.0,0.1111111111111111,71.66666666666667,165.66666666666666,0.0,28.0,4.0,2.0,2.0,1.0,2.0,2.0
2,MIA,1,1.0,0.0,0.0,0.0,28.625,20.0625,669.3125,195.625,36.6875,61.9375,98.625,43.625,27.1875,6.625,46.375,64.9375,183.875,71.9375,67.25,45.125,25.4375,6.625,0.375,0.0,0.0,0.0,0.0,0.0,0.0,0.0,0.0,0.0,0.0,0.0,0.0,0.0,0.0,0.0,0.0,0.0,0.0,0.0,70.875,154.625,0.0,13.0,19.0,0.0,0.0,0.0,0.0,0.0
2,MIN,0,0.0,1.0,0.0,0.0,29.0,12.857142857142858,545.5714285714286,227.57142857142858,21.857142857142858,47.42857142857143,69.28571428571429,40.42857142857143,21.0,6.857142857142857,43.857142857142854,61.57142857142857,189.42857142857142,79.42857142857143,57.714285714285715,44.714285714285715,64.28571428571429,24.0,0.8571428571428571,0.0,0.0,0.0,0.0,0.0,0.0,0.0,0.0,0.0,0.0,0.0,0.0,0.0,0.0,0.0,0.0,0.0,0.0,0.0,72.28571428571429,173.42857142857142,0.14285714285714285,15.0,17.0,0.0,0.0,0.0,0.0,0.0
2,NYL,1,1.0,0.0,4.0,0.0,30.0,19.77777777777778,808.4444444444445,256.0,34.666666666666664,78.0,112.66666666666667,70.22222222222223,30.0,11.777777777777779,59.0,72.88888888888889,212.88888888888889,93.0,69.55555555555556,52.22222222222222,52.111111111111114,17.77777777777778,0.7777777777777778,5.444444444444445,3.888888888888889,155.0,48.22222222222222,6.666666666666667,14.555555555555555,21.22222222222222,12.222222222222221,7.444444444444445,2.7777777777777777,10.666666666666666,13.88888888888889,42.111111111111114,18.22222222222222,11.11111111111111,9.0,8.11111111111111,2.7777777777777777,0.2222222222222222,70.0,164.11111111111111,0.1111111111111111,20.0,12.0,4.0,3.0,0.0,4.0,3.0
2,ORL,0,1.0,0.0,0.0,0.0,28.875,16.125,645.625,215.625,35.0,66.625,101.625,50.5,27.25,15.875,49.125,62.75,183.125,80.0,61.625,44.375,32.625,11.25,0.5,2.125,1.5,57.75,15.375,2.25,6.125,8.375,3.5,2.0,1.5,3.75,5.25,15.25,6.25,3.0,2.0,3.5,0.875,0.0,72.125,174.375,0.0,16.0,16.0,1.0,2.0,0.0,0.0,0.0
2,PHO,0,0.0,1.0,0.0,0.0,23.818181818181817,12.363636363636363,510.27272727272725,179.8181818181818,20.636363636363637,48.18181818181818,68.81818181818181,36.90909090909091,23.272727272727273,7.7272727272727275,34.90909090909091,47.81818181818182,150.1818181818182,65.27272727272727,49.09090909090909,38.45454545454545,34.81818181818182,10.818181818181818,0.45454545454545453,1.2727272727272727,0.7272727272727273,31.09090909090909,11.363636363636363,0.9090909090909091,2.4545454545454546,3.3636363636363638,2.909090909090909,0.8181818181818182,0.7272727272727273,1.7272727272727273,3.6363636363636362,9.363636363636363,4.363636363636363,2.5454545454545454,1.7272727272727273,3.1818181818181817,0.9090909090909091,0.0,71.45454545454545,159.54545454545453,0.0,0.0,0.0,0.0,0.0,1.0,0.0,0.0
2,POR,0,0.0,1.0,0.0,0.0,28.77777777777778,19.77777777777778,692.2222222222222,230.33333333333334,33.22222222222222,70.33333333333333,103.55555555555556,50.0,27.11111111111111,10.444444444444445,54.44444444444444,74.11111111111111,192.44444444444446,81.44444444444444,74.0,53.888888888888886,42.22222222222222,13.555555555555555,1.0,0.0,0.0,0.0,0.0,0.0,0.0,0.0,0.0,0.0,0.0,0.0,0.0,0.0,0.0,0.0,0.0,0.0,0.0,0.0,71.88888888888889,165.66666666666666,0.0,10.0,22.0,0.0,0.0,0.0,0.0,0.0
2,SAC,1,0.0,1.0,0.0,0.0,27.545454545454547,18.727272727272727,636.1818181818181,244.0909090909091,35.27272727272727,62.81818181818182,98.0909090909091,55.54545454545455,29.818181818181817,18.272727272727273,47.0,55.45454545454545,205.72727272727272,91.45454545454545,68.63636363636364,48.72727272727273,41.09090909090909,12.454545454545455,0.5454545454545454,1.5454545454545454,0.9090909090909091,34.27272727272727,12.454545454545455,1.5454545454545454,3.727272727272727,5.2727272727272725,2.727272727272727,1.2727272727272727,0.18181818181818182,1.7272727272727273,3.0,10.636363636363637,4.454545454545454,3.090909090909091,2.5454545454545454,2.727272727272727,1.0,0.09090909090909091,71.36363636363636,159.9090909090909,0.0,21.0,11.0,0.0,2.0,0.0,0.0,2.0
2,SEA,0,0.0,1.0,0.0,0.0,24.681818181818183,9.045454545454545,467.1818181818182,129.5,17.40909090909091,40.95454545454545,58.36363636363637,31.681818181818183,19.272727272727273,7.5,38.81818181818182,51.18181818181818,120.68181818181819,46.95454545454545,42.13636363636363,26.681818181818183,28.40909090909091,8.909090909090908,0.45454545454545453,0.18181818181818182,0.0,0.9090909090909091,0.0,0.09090909090909091,0.0,0.09090909090909091,0.09090909090909091,0.0,0.0,0.18181818181818182,0.0,0.18181818181818182,0.0,0.0,0.0,0.18181818181818182,0.0,0.0,73.18181818181819,165.63636363636363,0.0,6.0,26.0,0.0,0.0,0.0,0.0,0.0
2,UTA,1,0.0,1.0,0.0,0.0,27.88888888888889,18.88888888888889,680.2222222222222,253.88888888888889,38.111111111111114,83.44444444444444,121.55555555555556,54.44444444444444,23.666666666666668,16.666666666666668,56.44444444444444,75.22222222222223,203.88888888888889,92.11111111111111,82.11111111111111,62.44444444444444,21.333333333333332,7.222222222222222,1.1111111111111112,0.0,0.0,0.0,0.0,0.0,0.0,0.0,0.0,0.0,0.0,0.0,0.0,0.0,0.0,0.0,0.0,0.0,0.0,0.0,65.0,172.0,0.0,18.0,14.0,0.0,0.0,0.0,0.0,0.0
2,WAS,0,1.0,0.0,0.0,0.0,29.5,18.25,673.125,251.125,36.5,71.125,107.625,40.875,26.0,14.625,49.875,65.125,207.5,97.625,66.25,45.5,31.375,10.375,0.5,1.625,1.0,44.625,13.875,1.5,3.375,4.875,3.125,1.5,0.75,3.375,3.625,11.5,5.375,3.75,2.5,2.25,0.625,0.0,73.375,175.0,0.0,0.0,0.0,0.0,0.0,0.0,0.0,0.0
3,CHA,1,1.0,0.0,4.0,0.0,26.902777777777775,13.472222222222221,554.9583333333334,177.73611111111111,27.097222222222225,49.94444444444445,77.04166666666667,44.361111111111114,19.152777777777775,10.444444444444445,40.763888888888886,55.041666666666664,153.61111111111111,62.94444444444445,51.013888888888886,38.763888888888886,39.166666666666664,13.083333333333334,0.625,3.319444444444444,2.138888888888889,71.625,21.083333333333332,3.069444444444444,6.625,9.694444444444445,5.055555555555556,2.0833333333333335,1.6666666666666667,4.694444444444444,7.152777777777778,19.59722222222222,7.972222222222222,4.472222222222222,3.3333333333333335,5.138888888888889,1.8055555555555556,0.0,71.66666666666667,168.25,0.0,13.5,18.5,2.0,2.0,0.0,4.0,4.0
3,CLE,0,1.0,0.0,0.0,0.0,27.055555555555557,12.555555555555555,576.2777777777778,193.11111111111111,30.88888888888889,60.27777777777778,91.16666666666667,42.5,25.38888888888889,8.277777777777779,40.611111111111114,54.72222222222222,164.11111111111111,73.94444444444444,48.55555555555556,36.44444444444444,27.5,8.777777777777779,0.4444444444444444,3.5,1.9444444444444444,80.33333333333333,24.333333333333332,4.888888888888889,8.11111111111111,13.0,4.888888888888889,3.5,1.2777777777777777,5.0,6.944444444444445,22.166666666666668,9.444444444444445,6.055555555555555,4.555555555555555,4.0,0.8888888888888888,0.0,71.55555555555556,167.44444444444446,0.0,19.5,12.5,2.0,2.5,1.0,0.0,0.0
3,DET,0,1.0,0.0,0.0,0.0,25.45,11.4,526.85,181.0,28.5,53.85,82.35,37.85,18.1,7.05,40.4,53.6,161.85,67.2,53.0,38.85,24.7,7.75,0.3,0.1,0.0,0.15,0.15,0.0,0.0,0.0,0.0,0.0,0.0,0.0,0.1,0.05,0.05,0.0,0.0,0.05,0.05,0.0,71.7,167.9,0.0,10.0,22.0,0.0,0.0,0.0,0.0,0.0
3,HOU,1,0.0,1.0,3.0,0.0,28.5,17.46153846153846,656.4615384615385,219.73076923076923,28.03846153846154,69.88461538461539,97.92307692307692,49.11538461538461,32.34615384615385,9.961538461538462,43.73076923076923,52.96153846153846,186.03846153846155,79.65384615384616,56.0,43.26923076923077,49.53846153846154,17.153846153846153,0.3076923076923077,2.423076923076923,1.5384615384615385,63.11538461538461,20.615384615384617,3.1538461538461537,7.346153846153846,10.5,3.5,2.6153846153846154,0.8461538461538461,3.6923076923076925,4.538461538461538,17.653846153846153,7.6923076923076925,4.423076923076923,3.6153846153846154,4.461538461538462,1.6153846153846154,0.0,70.92307692307692,160.76923076923077,0.3076923076923077,23.0,9.0,3.0,1.0,0.0,6.0,2.0
3,IND,1,1.0,0.0,0.0,0.0,29.55,18.35,671.45,218.8,25.2,57.75,82.95,50.6,29.3,8.1,48.5,61.15,183.3,75.9,57.6,45.0,62.8,22.0,0.8,0.6,0.2,13.85,2.85,0.45,1.1,1.55,1.5,0.45,0.05,1.15,1.1,3.0,1.0,0.4,0.35,1.75,0.5,0.0,70.5,160.0,0.0,10.0,22.0,0.0,0.0,0.0,0.0,0.0
3,LAS,1,0.0,1.0,4.0,0.0,26.924242424242426,16.984848484848484,635.3939393939394,247.96969696969697,35.13636363636363,77.77272727272727,112.9090909090909,48.25757575757576,25.757575757575754,14.984848484848486,44.803030303030305,66.45454545454545,208.45454545454547,90.39393939393939,68.28787878787878,52.25757575757576,43.75757575757576,14.924242424242426,1.0454545454545454,3.409090909090909,2.0303030303030303,80.54545454545455,32.81818181818182,4.696969696969696,10.893939393939393,15.590909090909092,6.757575757575757,2.8181818181818183,2.939393939393939,5.46969696969697,7.212121212121212,26.772727272727273,12.484848484848486,7.666666666666666,5.7272727272727275,5.606060606060606,2.121212121212121,0.045454545454545456,72.45454545454545,168.36363636363637,0.2727272727272727,28.0,4.0,4.0,1.5,1.0,8.0,3.0
3,MIA,0,1.0,0.0,0.0,0.0,27.045454545454547,17.257575757575758,601.3636363636364,197.13636363636363,31.045454545454547,57.86363636363637,88.9090909090909,40.696969696969695,25.045454545454547,8.84848484848485,40.71212121212121,58.621212121212125,177.63636363636363,72.81818181818181,50.878787878787875,37.86363636363637,40.78787878787879,13.636363636363637,0.5454545454545454,1.3181818181818181,0.8181818181818182,31.60606060606061,8.03030303030303,1.4090909090909092,2.772727272727273,4.181818181818182,1.7727272727272727,0.9393939393939393,0.5909090909090909,1.3181818181818181,2.7121212121212124,7.96969696969697,2.909090909090909,3.2878787878787885,1.8484848484848484,1.4545454545454546,0.36363636363636365,0.045454545454545456,71.72727272727273,161.8181818181818,0.18181818181818182,16.5,15.5,0.5,1.0,0.0,0.0,0.0
3,MIN,0,0.0,1.0,0.0,0.0,23.0,11.25,476.55,184.95,23.2,50.65,73.85,30.1,17.0,7.8,38.15,47.15,157.2,60.95,59.7,46.9,48.3,16.15,0.65,0.0,0.0,0.0,0.0,0.0,0.0,0.0,0.0,0.0,0.0,0.0,0.0,0.0,0.0,0.0,0.0,0.0,0.0,0.0,72.3,175.8,0.1,13.5,18.5,0.0,0.0,0.0,0.0,0.0
3,NYL,1,1.0,0.0,3.0,0.5,28.055555555555557,19.555555555555557,741.3333333333334,254.72222222222223,31.27777777777778,74.0,105.27777777777777,61.55555555555556,30.77777777777778,10.055555555555555,51.05555555555556,69.27777777777777,213.0,95.72222222222223,62.94444444444444,45.77777777777778,47.5,17.5,0.7222222222222222,5.5,3.611111111111111,143.72222222222223,42.888888888888886,6.5,13.61111111111111,20.11111111111111,10.88888888888889,6.222222222222222,2.5,9.277777777777779,12.333333333333334,39.166666666666664,16.5,9.555555555555555,7.166666666666667,8.277777777777779,2.7222222222222223,0.16666666666666666,71.33333333333333,167.66666666666666,0.2222222222222222,20.5,11.5,3.5,3.0,0.0,7.0,6.0
3,ORL,0,1.0,0.0,0.0,0.0,28.115384615384617,16.807692307692307,656.8076923076923,225.46153846153845,34.38461538461539,67.1923076923077,101.57692307692308,42.84615384615385,27.153846153846153,11.961538461538462,48.11538461538461,64.76923076923077,197.8846153846154,84.07692307692308,57.23076923076923,41.61538461538461,47.96153846153846,15.692307692307692,0.6153846153846154,1.3461538461538463,0.6923076923076923,33.19230769230769,9.26923076923077,1.4230769230769231,2.6153846153846154,4.038461538461538,1.7692307692307692,0.8461538461538461,0.6923076923076923,1.9615384615384615,2.8076923076923075,9.461538461538462,3.8076923076923075,1.6923076923076923,1.1538461538461537,1.8461538461538463,0.5,0.0,72.53846153846153,172.6153846153846,0.0,0.0,0.0,0.0,0.0,0.0,0.0,0.0
3,PHO,0,0.0,1.0,0.0,0.0,24.307692307692307,10.26923076923077,452.34615384615387,144.96153846153845,20.384615384615383,46.11538461538461,66.5,31.03846153846154,17.5,8.538461538461538,35.76923076923077,43.57692307692308,130.76923076923077,54.57692307692308,41.57692307692308,29.46153846153846,19.923076923076923,6.346153846153846,0.19230769230769232,0.4230769230769231,0.23076923076923078,9.846153846153847,3.423076923076923,0.34615384615384615,0.8461538461538461,1.1923076923076923,0.8461538461538461,0.19230769230769232,0.3076923076923077,0.5769230769230769,0.9230769230769231,2.6153846153846154,1.4615384615384615,0.8461538461538461,0.4230769230769231,0.4230769230769231,0.07692307692307693,0.0,73.38461538461539,166.3846153846154,0.0,13.0,19.0,0.0,0.0,1.0,0.0,0.0
3,POR,0,0.0,1.0,0.0,0.0,24.791666666666668,14.25,534.0416666666666,166.25,23.208333333333332,54.625,77.83333333333333,44.416666666666664,20.875,7.875,40.0,51.166666666666664,139.875,58.25,53.416666666666664,38.458333333333336,31.958333333333332,11.291666666666666,0.375,0.4583333333333333,0.4583333333333333,14.375,3.4166666666666665,0.375,0.9166666666666666,1.2916666666666667,2.5,0.25,0.16666666666666666,0.7083333333333334,1.0,3.1666666666666665,1.0416666666666667,0.9166666666666666,0.75,1.9583333333333333,0.5833333333333334,0.0,71.41666666666667,169.41666666666666,0.08333333333333333,10.5,21.5,0.0,0.0,0.0,0.0,0.0
3,SAC,0,0.0,1.0,0.0,0.0,25.958333333333332,16.875,598.3333333333334,209.875,32.833333333333336,61.75,94.58333333333333,52.333333333333336,25.25,15.416666666666666,43.958333333333336,54.75,178.58333333333334,77.70833333333333,58.625,42.375,34.75,12.083333333333334,0.5,2.625,1.4583333333333333,58.083333333333336,21.208333333333332,2.75,6.0,8.75,4.625,2.0416666666666665,0.9583333333333334,3.0416666666666665,5.041666666666667,18.291666666666668,7.208333333333333,6.125,5.0,4.458333333333333,1.7916666666666667,0.041666666666666664,72.33333333333333,166.08333333333334,0.0,14.0,6.0,3.0,2.0,0.0,0.0,0.0
3,SEA,1,0.0,1.0,0.0,0.0,26.541666666666668,13.708333333333334,561.625,171.04166666666666,24.458333333333332,54.083333333333336,78.54166666666667,37.791666666666664,22.875,12.083333333333334,39.0,54.416666666666664,159.625,60.916666666666664,53.666666666666664,37.0,38.916666666666664,12.208333333333334,0.5,0.375,0.0,4.833333333333333,1.6666666666666667,0.08333333333333333,0.7083333333333334,0.7916666666666666,0.08333333333333333,0.0,0.25,0.20833333333333334,0.3333333333333333,1.4583333333333333,0.625,0.16666666666666666,0.16666666666666666,0.8333333333333334,0.25,0.0,72.33333333333333,164.5,0.0,8.0,24.0,0.0,0.0,0.0,0.0,0.0
3,UTA,1,0.0,1.0,0.0,0.0,28.88888888888889,19.0,724.3888888888889,269.44444444444446,36.27777777777778,84.44444444444444,120.72222222222223,54.166666666666664,22.72222222222222,17.166666666666668,55.611111111111114,67.11111111111111,225.22222222222223,99.44444444444444,86.88888888888889,63.833333333333336,22.27777777777778,6.722222222222222,0.7222222222222222,0.9444444444444444,0.6666666666666666,24.88888888888889,8.5,1.0555555555555556,2.7222222222222223,3.7777777777777777,1.7222222222222223,0.7777777777777778,0.7222222222222222,1.4444444444444444,2.7777777777777777,6.666666666666667,2.7222222222222223,3.7222222222222223,2.9444444444444446,1.0555555555555556,0.1111111111111111,0.1111111111111111,64.77777777777777,172.22222222222223,0.0,14.0,5.0,0.0,2.0,0.0,0.0,2.0
3,WAS,1,1.0,0.0,0.0,0.0,24.454545454545453,11.681818181818182,503.59090909090907,152.3181818181818,28.636363636363637,57.22727272727273,85.86363636363636,35.04545454545455,21.045454545454547,11.0,37.45454545454545,42.54545454545455,145.04545454545453,60.27272727272727,36.45454545454545,23.90909090909091,25.727272727272727,7.863636363636363,0.22727272727272727,0.4090909090909091,0.2727272727272727,10.818181818181818,3.727272727272727,0.4090909090909091,0.9090909090909091,1.3181818181818181,0.22727272727272727,0.45454545454545453,0.2727272727272727,0.7272727272727273,0.9090909090909091,2.9545454545454546,1.4090909090909092,1.0,0.7272727272727273,0.36363636363636365,0.18181818181818182,0.0,72.0,168.27272727272728,0.0,0.0,0.0,0.0,0.0,0.0,0.0,2.0
4,CHA,1,1.0,0.0,2.0,0.0,28.35,17.0,646.7,212.1,30.3,60.15,90.45,49.5,24.8,9.45,41.15,56.9,178.45,76.0,54.65,41.65,47.55,18.45,0.5,3.6,2.55,86.8,25.9,3.6,8.2,11.8,6.5,3.0,1.65,5.4,7.65,24.7,9.85,5.2,3.85,6.95,2.35,0.0,70.8,158.9,0.0,0.0,0.0,0.0,0.0,0.0,4.0,6.0
4,CLE,1,1.0,0.0,0.0,1.0,23.7,13.316666666666666,516.05,175.95,24.9,55.416666666666664,80.31666666666666,39.83333333333333,18.833333333333336,5.8,36.86666666666667,43.766666666666666,155.55,64.16666666666666,47.38333333333333,35.2,36.86666666666667,12.416666666666668,0.45,0.95,0.55,22.6,6.15,1.35,1.95,3.3,3.2,1.15,0.3,1.25,1.75,6.65,2.15,1.6,1.3,1.9,0.55,0.0,71.5,166.1,0.0,16.0,16.0,0.5,1.0,1.0,1.0,2.0
4,CON,1,1.0,0.0,0.0,0.0,27.4,16.85,655.9666666666666,213.25,35.13333333333333,65.0,100.13333333333333,49.83333333333333,33.58333333333333,10.45,44.5,62.03333333333334,189.5,77.81666666666668,57.733333333333334,43.25,46.25,14.366666666666669,0.45,0.15,0.15,4.75,0.7,0.35,0.45,0.8,0.55,0.25,0.05,0.2,0.35,0.9,0.35,0.0,0.0,0.15,0.0,0.0,71.7,169.5,0.1,0.0,0.0,0.0,0.0,0.0,0.0,0.0
4,DET,1,1.0,0.0,0.0,0.0,26.28787878787879,15.34848484848485,612.9242424242425,203.33333333333331,33.833333333333336,62.65151515151515,96.48484848484848,42.196969696969695,22.651515151515152,15.575757575757576,48.95454545454545,58.36363636363637,177.45454545454547,72.39393939393939,64.07575757575758,46.53030303030303,39.5,12.015151515151514,0.36363636363636365,0.36363636363636365,0.36363636363636365,12.272727272727273,4.2272727272727275,0.3181818181818182,1.2272727272727273,1.5454545454545454,0.45454545454545453,0.4090909090909091,0.2727272727272727,0.45454545454545453,1.0,3.0454545454545454,1.3181818181818181,1.5909090909090908,1.0,1.2272727272727273,0.5909090909090909,0.0,71.63636363636364,159.63636363636363,0.0,9.0,13.0,0.0,0.0,0.0,0.0,0.0
4,HOU,1,0.0,1.0,0.0,0.5,30.9375,21.8125,799.3125,299.0,36.625,85.75,122.375,63.1875,33.125,13.25,54.8125,55.875,259.0,106.625,84.4375,68.5,51.9375,17.25,0.0625,2.375,1.875,75.25,26.5625,3.8125,8.1875,12.0,6.6875,2.6875,1.5625,4.0625,6.0,24.3125,9.5625,7.125,5.625,5.875,1.8125,0.0,72.25,163.5,0.375,21.5,10.5,0.5,2.0,0.0,1.0,4.0
4,IND,0,1.0,0.0,0.0,0.0,27.348484848484848,14.515151515151514,610.469696969697,195.71212121212122,32.13636363636363,64.92424242424242,97.06060606060605,48.27272727272727,28.5,11.590909090909092,40.66666666666667,55.378787878787875,162.46969696969697,67.15151515151514,58.07575757575758,44.71212121212122,47.66666666666667,16.696969696969695,0.8484848484848484,1.5151515151515154,0.9696969696969698,37.71212121212122,13.969696969696969,3.2121212121212124,4.409090909090909,7.621212121212121,2.515151515151515,1.0454545454545454,0.5454545454545454,2.6666666666666665,2.924242424242424,11.65151515151515,5.136363636363637,3.5757575757575752,2.5303030303030307,3.4848484848484844,1.1666666666666665,0.09090909090909091,71.18181818181819,164.36363636363637,0.09090909090909091,13.0,19.0,0.5,1.0,0.0,0.0,0.0
4,LAS,1,0.0,1.0,6.0,0.0,28.653846153846153,17.53846153846154,662.7692307692307,249.3846153846154,33.34615384615385,76.65384615384616,110.0,53.53846153846154,25.76923076923077,15.423076923076923,48.30769230769231,68.38461538461539,213.19230769230768,91.96153846153847,62.34615384615385,46.84615384615385,51.76923076923077,18.615384615384617,1.2307692307692308,4.0,2.3461538461538463,96.88461538461539,37.34615384615385,4.6923076923076925,12.576923076923077,17.26923076923077,10.192307692307692,4.384615384615385,3.1923076923076925,6.846153846153846,9.846153846153847,30.53846153846154,13.961538461538462,9.384615384615385,7.038461538461538,6.884615384615385,2.3846153846153846,0.11538461538461539,72.61538461538461,174.23076923076923,0.46153846153846156,26.5,5.5,6.0,0.5,0.0,12.0,1.0
4,MIN,1,0.0,1.0,0.0,0.0,26.72222222222222,14.277777777777779,601.6111111111111,216.05555555555554,26.833333333333332,59.166666666666664,86.0,40.0,22.27777777777778,8.777777777777779,43.666666666666664,54.77777777777778,192.38888888888889,77.05555555555556,60.55555555555556,44.5,54.666666666666664,17.444444444444443,0.6111111111111112,0.16666666666666666,0.16666666666666666,6.055555555555555,1.7222222222222223,0.2222222222222222,0.3333333333333333,0.5555555555555556,0.2222222222222222,0.2777777777777778,0.0,0.4444444444444444,0.6111111111111112,1.7222222222222223,0.5555555555555556,0.6111111111111112,0.5,0.5,0.1111111111111111,0.05555555555555555,72.44444444444444,169.55555555555554,0.0,0.0,0.0,0.0,0.0,0.0,0.0,0.0
4,NYL,0,1.0,0.0,0.0,0.0,28.27777777777778,20.88888888888889,744.6666666666666,261.6111111111111,28.444444444444443,76.0,104.44444444444444,60.5,28.833333333333332,13.11111111111111,47.22222222222222,66.33333333333333,219.77777777777777,98.22222222222223,61.166666666666664,44.27777777777778,54.94444444444444,20.88888888888889,0.6666666666666666,5.333333333333333,4.222222222222222,152.11111111111111,52.05555555555556,6.111111111111111,15.055555555555555,21.166666666666668,12.5,4.888888888888889,1.5555555555555556,8.5,11.11111111111111,43.333333333333336,19.555555555555557,12.0,8.666666666666666,11.277777777777779,4.277777777777778,0.05555555555555555,71.88888888888889,172.11111111111111,0.0,19.5,12.5,3.5,3.5,0.0,0.0,0.0
4,PHO,0,0.0,1.0,0.0,0.0,25.821428571428573,7.142857142857143,437.2857142857143,115.03571428571429,21.964285714285715,41.464285714285715,63.42857142857143,31.25,21.392857142857142,5.464285714285714,33.75,45.32142857142857,108.78571428571429,43.035714285714285,33.32142857142857,22.892857142857142,20.0,6.071428571428571,0.10714285714285714,0.39285714285714285,0.0,2.5357142857142856,0.7142857142857143,0.25,0.42857142857142855,0.6785714285714286,0.10714285714285714,0.03571428571428571,0.0,0.2857142857142857,0.03571428571428571,0.8928571428571429,0.2857142857142857,0.21428571428571427,0.07142857142857142,0.21428571428571427,0.07142857142857142,0.0,71.35714285714286,156.71428571428572,0.0,0.0,0.0,0.0,0.0,0.0,0.0,0.0
4,SAC,1,0.0,1.0,2.0,1.0,26.61111111111111,15.38888888888889,633.0,223.88888888888889,36.888888888888886,71.22222222222223,108.11111111111111,48.94444444444444,25.055555555555557,14.777777777777779,45.388888888888886,62.833333333333336,194.38888888888889,82.22222222222223,68.11111111111111,50.05555555555556,27.055555555555557,9.38888888888889,0.5555555555555556,1.9444444444444444,1.1111111111111112,44.05555555555556,16.0,2.5555555555555554,4.444444444444445,7.0,3.888888888888889,1.3888888888888888,0.8888888888888888,2.388888888888889,3.7777777777777777,14.277777777777779,5.333333333333333,5.222222222222222,4.222222222222222,2.8333333333333335,1.1111111111111112,0.0,72.44444444444444,161.44444444444446,0.0,14.0,12.0,1.5,1.0,0.0,3.0,2.0
4,SAS,0,0.0,1.0,0.0,0.0,25.814814814814813,18.425925925925927,664.6481481481482,234.61111111111111,29.685185185185187,73.44444444444444,103.12962962962962,52.94444444444444,20.462962962962962,19.0,51.79629629629629,62.14814814814815,199.57407407407408,85.35185185185185,73.72222222222223,55.81481481481481,24.814814814814817,8.092592592592592,0.5,2.1296296296296298,1.5555555555555556,61.85185185185185,20.962962962962962,1.7222222222222223,7.166666666666667,8.88888888888889,5.296296296296296,1.7037037037037037,1.8333333333333333,4.777777777777778,5.777777777777778,18.25925925925926,7.462962962962964,6.796296296296296,5.092592592592593,3.388888888888889,0.9444444444444444,0.05555555555555555,64.66666666666667,174.77777777777777,0.0,17.0,8.5,1.0,2.5,0.0,0.0,0.0
4,SEA,0,0.0,1.0,0.0,0.0,23.192307692307693,14.717948717948719,527.7948717948718,185.4871794871795,24.55128205128205,50.03846153846154,74.58974358974359,41.69230769230769,22.32051282051282,11.102564102564104,36.07692307692308,44.564102564102555,162.02564102564105,66.32051282051282,48.44871794871795,37.97435897435898,41.74358974358974,14.871794871794872,0.25641025641025644,0.9102564102564104,0.5512820512820513,24.14102564102564,7.871794871794871,0.6410256410256411,1.6153846153846154,2.2564102564102564,1.8974358974358974,1.0384615384615385,0.3333333333333333,1.3205128205128207,1.9102564102564101,7.320512820512821,2.7564102564102564,1.858974358974359,1.5897435897435899,2.705128205128205,0.7692307692307693,0.0,72.0,166.53846153846155,0.0,18.0,14.0,2.0,3.0,0.0,0.0,0.0
4,WAS,0,1.0,0.0,0.0,0.0,27.25,14.033333333333335,573.9333333333333,180.66666666666666,28.566666666666663,56.45,85.01666666666667,47.2,19.2,7.183333333333333,40.71666666666667,48.766666666666666,169.16666666666669,68.33333333333333,42.766666666666666,30.53333333333333,39.0,13.466666666666665,0.4666666666666666,2.7,1.35,54.55,19.4,2.3833333333333333,4.5,6.883333333333333,5.583333333333334,1.4333333333333331,0.45,2.3666666666666667,4.916666666666667,16.3,7.3,4.05,3.1,4.416666666666666,1.7,0.0,70.6,154.5,0.1,17.0,15.0,3.0,2.0,1.0,0.0,0.0
5,CHA,0,1.0,0.0,0.0,0.0,30.35,20.85,718.5,222.9,34.8,71.2,106.0,53.75,26.7,13.05,46.25,75.15,187.55,80.1,60.75,46.05,45.85,16.65,0.9,1.65,1.15,40.15,11.4,2.25,4.3,6.55,2.8,1.2,0.55,3.0,3.45,10.8,4.25,2.5,1.85,3.2,1.05,0.0,71.8,168.6,0.0,18.0,16.0,0.0,2.0,0.0,0.0,0.0
5,CON,1,1.0,0.0,2.0,0.0,28.972222222222218,19.833333333333332,729.25,258.1666666666667,37.05555555555555,78.83333333333333,115.88888888888887,52.0,32.22222222222222,12.277777777777779,41.94444444444445,71.44444444444444,228.72222222222226,96.8611111111111,60.666666666666664,46.55555555555555,51.72222222222223,17.88888888888889,0.8333333333333334,1.9722222222222223,1.0,42.80555555555555,15.527777777777777,1.388888888888889,4.527777777777778,5.916666666666667,2.75,1.3333333333333333,0.5833333333333334,1.6388888888888886,4.333333333333333,13.388888888888888,5.972222222222221,3.8333333333333335,3.111111111111111,2.3055555555555554,0.47222222222222227,0.0,71.5,170.66666666666666,0.0,18.0,16.0,2.0,2.0,0.0,2.0,2.0
5,DET,1,1.0,0.0,6.0,0.0,29.685185185185187,18.61111111111111,706.6481481481482,243.9814814814815,40.79629629629629,94.27777777777777,135.07407407407408,48.648148148148145,25.444444444444443,18.555555555555557,54.425925925925924,66.61111111111111,207.05555555555554,88.20370370370371,82.74074074074073,58.833333333333336,27.074074074074073,8.74074074074074,0.3333333333333333,3.5,2.5185185185185186,89.81481481481482,31.074074074074076,6.166666666666667,12.833333333333334,19.0,6.296296296296296,2.851851851851852,2.3703703703703707,5.351851851851851,8.666666666666666,28.90740740740741,11.092592592592592,9.407407407407408,7.537037037037036,3.6481481481481484,1.3518518518518519,0.0,72.33333333333333,166.44444444444446,0.2222222222222222,17.0,11.0,3.0,1.0,1.0,6.0,2.0
5,HOU,0,0.0,1.0,0.0,0.0,25.884615384615383,13.23076923076923,548.4615384615385,196.07692307692307,25.653846153846153,56.73076923076923,82.38461538461539,39.96153846153846,21.576923076923077,10.115384615384615,39.23076923076923,44.11538461538461,170.07692307692307,70.46153846153847,57.0,42.84615384615385,38.07692307692308,12.307692307692308,0.15384615384615385,2.1923076923076925,0.6923076923076923,39.92307692307692,14.615384615384615,2.3461538461538463,4.846153846153846,7.1923076923076925,3.0384615384615383,1.6538461538461537,1.0769230769230769,2.4615384615384617,3.5384615384615383,13.846153846153847,5.3076923076923075,3.6153846153846154,2.8461538461538463,3.5384615384615383,1.1538461538461537,0.0,72.0,161.6153846153846,0.3076923076923077,22.0,11.0,1.0,2.0,0.0,0.0,0.0
5,IND,0,1.0,0.0,0.0,0.0,28.136363636363637,13.045454545454545,597.7272727272727,219.13636363636363,33.72727272727273,62.22727272727273,95.95454545454545,43.36363636363637,25.227272727272727,11.863636363636363,38.36363636363637,57.59090909090909,181.0,78.0,55.18181818181818,43.45454545454545,51.27272727272727,19.681818181818183,0.5,1.1363636363636365,0.5,21.59090909090909,8.818181818181818,1.9090909090909092,2.909090909090909,4.818181818181818,1.1818181818181819,0.5909090909090909,0.5,1.2272727272727273,2.090909090909091,6.7727272727272725,3.227272727272727,2.590909090909091,1.7727272727272727,1.5454545454545454,0.5909090909090909,0.045454545454545456,72.45454545454545,165.27272727272728,0.09090909090909091,0.0,0.0,0.0,0.0,0.0,0.0,0.0
5,LAS,1,0.0,1.0,5.0,0.5,30.5,26.875,884.1875,317.1875,38.5625,106.25,144.8125,85.0,31.9375,23.25,68.5625,84.75,264.875,114.5,91.0,69.1875,54.375,19.0,1.6875,5.75,5.375,196.25,75.1875,7.625,23.0625,30.6875,21.25,8.125,4.8125,12.0625,18.75,60.75,28.0625,19.0625,14.875,12.0,4.1875,0.25,72.0,171.875,0.375,24.5,8.5,5.5,2.0,0.0,11.0,4.0
5,MIN,1,0.0,1.0,0.0,1.0,29.361111111111114,24.472222222222225,755.0555555555555,239.69444444444446,29.166666666666668,70.22222222222223,99.3888888888889,79.5,29.694444444444443,10.861111111111112,65.75,73.97222222222223,210.69444444444446,83.1111111111111,64.8888888888889,47.611111111111114,78.0,25.861111111111114,1.1666666666666667,1.861111111111111,1.611111111111111,48.55555555555555,12.388888888888888,1.1666666666666667,4.472222222222222,5.638888888888889,6.888888888888889,2.5,0.5555555555555555,4.944444444444445,5.555555555555556,12.083333333333334,3.7222222222222228,3.6666666666666665,3.3333333333333335,5.583333333333333,1.611111111111111,0.0,72.16666666666667,168.16666666666666,0.0,18.0,16.0,1.0,2.0,0.0,1.0,2.0
5,NYL,1,1.0,0.0,4.0,0.0,26.1,13.85,621.9,224.3,27.05,63.15,90.2,41.05,22.0,11.55,40.95,51.55,185.05,83.25,49.95,39.5,50.3,18.3,0.35,1.65,1.2,47.2,18.05,1.7,4.2,5.9,3.2,1.45,0.3,2.35,3.3,14.35,6.7,3.4,2.65,5.15,2.0,0.0,72.1,167.6,0.0,17.0,16.0,2.0,2.0,0.0,4.0,4.0
5,PHO,0,0.0,1.0,0.0,0.0,29.305555555555557,19.25,719.8888888888889,238.05555555555554,41.138888888888886,75.38888888888889,116.52777777777777,36.94444444444444,27.916666666666668,12.13888888888889,47.02777777777778,69.25,213.58333333333334,87.88888888888889,67.88888888888889,48.55555555555556,40.166666666666664,13.722222222222221,0.8333333333333334,0.3333333333333333,0.3333333333333333,11.0,3.8333333333333335,0.1111111111111111,0.8333333333333334,0.9444444444444444,0.7777777777777778,0.3888888888888889,0.05555555555555555,0.6111111111111112,0.7777777777777778,3.5,1.4444444444444444,0.9444444444444444,0.7222222222222222,0.8888888888888888,0.2222222222222222,0.0,73.44444444444444,172.33333333333334,0.0,0.0,0.0,0.0,0.0,0.0,0.0,0.0
5,SAC,1,0.0,1.0,2.0,1.0,28.55,14.9,637.6,224.35,32.4,67.5,99.9,50.2,26.5,11.75,43.25,61.25,197.3,82.35,64.6,46.1,41.35,13.55,0.6,3.4,1.5,68.7,20.7,2.65,8.05,10.7,5.0,1.25,1.15,4.3,6.0,19.6,7.6,5.3,4.1,4.85,1.4,0.0,72.4,163.8,0.1,12.0,4.0,3.0,3.0,0.0,3.0,3.0
5,SAS,0,0.0,1.0,0.0,0.0,28.055555555555557,18.34722222222222,671.3472222222223,254.61111111111111,41.69444444444444,82.08333333333333,123.77777777777777,46.75,25.222222222222225,16.47222222222222,52.791666666666664,62.625,221.3472222222222,93.31944444444444,85.72222222222223,63.65277777777778,19.52777777777778,4.319444444444445,0.5,1.3472222222222223,1.0416666666666667,39.43055555555556,14.847222222222221,1.5,5.375,6.875,2.6805555555555554,1.152777777777778,1.125,3.5,3.6666666666666665,12.527777777777779,5.305555555555555,5.055555555555556,3.777777777777778,1.2916666666666667,0.4583333333333333,0.0,67.08333333333333,172.41666666666666,0.0,22.0,22.0,0.0,0.0,0.0,0.0,0.0
5,SEA,1,0.0,1.0,0.0,0.0,27.916666666666668,16.516666666666666,644.7833333333333,252.96666666666664,35.65,73.33333333333334,108.98333333333332,52.166666666666664,25.366666666666667,14.6,45.81666666666666,62.31666666666666,223.0,93.88333333333333,62.71666666666666,47.38333333333333,52.11666666666666,17.816666666666666,0.65,1.0,0.55,21.65,7.5,0.9833333333333334,2.05,3.033333333333333,1.65,1.25,0.4,1.6833333333333331,1.9833333333333332,7.083333333333333,2.7,2.216666666666667,1.7333333333333336,1.5166666666666668,0.36666666666666664,0.0,72.6,168.3,0.1,18.0,15.0,0.0,1.0,0.0,0.0,2.0
5,WAS,1,1.0,0.0,2.0,1.0,28.5,16.8,639.45,235.9,35.95,70.4,106.35,50.65,21.8,8.0,44.4,62.5,214.3,89.85,57.75,41.95,43.4,14.25,0.3,1.25,0.9,33.3,14.5,1.55,3.55,5.1,2.7,0.95,0.55,1.65,3.0,11.1,5.05,4.65,3.6,2.15,0.8,0.0,72.0,159.5,0.1,0.0,0.0,0.0,0.0,0.0,3.0,2.0
6,CHA,0,1.0,0.0,0.0,0.0,29.384615384615383,18.615384615384617,675.3076923076923,214.69230769230768,32.46153846153846,63.73076923076923,96.1923076923077,52.73076923076923,24.73076923076923,12.307692307692308,45.5,61.61538461538461,194.30769230769232,79.53846153846153,56.30769230769231,42.57692307692308,40.76923076923077,13.038461538461538,0.46153846153846156,1.6923076923076923,1.1538461538461537,39.73076923076923,12.884615384615385,2.1153846153846154,4.769230769230769,6.884615384615385,3.230769230769231,1.8846153846153846,0.8076923076923077,3.230769230769231,3.730769230769231,13.23076923076923,4.846153846153846,3.1923076923076925,2.3461538461538463,2.6923076923076925,0.8461538461538461,0.0,71.92307692307692,165.23076923076923,0.0,17.0,17.0,0.0,1.0,0.0,0.0,0.0
6,CON,1,1.0,0.0,3.0,0.5,31.1,18.5,699.8,241.2,33.95,81.6,115.55,55.9,27.6,18.2,47.5,68.25,208.5,89.35,63.45,46.85,47.8,15.65,0.45,5.1,2.9,117.1,39.15,5.1,11.5,16.6,9.45,4.7,1.45,6.45,9.5,32.65,13.65,12.1,9.6,7.25,2.25,0.0,65.7,179.6,0.0,18.0,16.0,3.5,2.5,0.0,7.0,5.0
6,DET,1,1.0,0.0,3.0,0.5,28.988095238095237,19.38095238095238,685.75,245.98809523809524,33.714285714285715,74.48809523809523,108.20238095238095,55.5,25.511904761904763,13.107142857142858,51.30952380952381,63.392857142857146,203.51190476190476,87.72619047619048,79.78571428571429,57.797619047619044,35.785714285714285,12.738095238095239,0.6428571428571429,3.2023809523809526,2.107142857142857,76.69047619047619,27.571428571428573,4.25,9.095238095238095,13.345238095238097,6.5,2.4404761904761902,1.8214285714285714,5.023809523809524,6.511904761904762,24.154761904761905,9.666666666666668,8.785714285714286,6.857142857142857,3.773809523809524,1.380952380952381,0.0,71.42857142857143,163.42857142857142,0.14285714285714285,21.0,13.0,3.5,2.0,1.0,7.0,4.0
6,HOU,1,0.0,1.0,0.0,1.0,29.545454545454547,21.90909090909091,817.7727272727273,276.90909090909093,38.63636363636363,90.5,129.13636363636363,63.77272727272727,30.681818181818183,12.545454545454545,54.81818181818182,63.63636363636363,244.45454545454547,103.18181818181819,76.31818181818181,58.27272727272727,35.86363636363637,12.272727272727273,0.4090909090909091,1.0,0.7727272727272727,28.545454545454547,10.545454545454545,1.6818181818181819,3.1363636363636362,4.818181818181818,1.8636363636363635,1.4090909090909092,0.5454545454545454,1.6818181818181819,2.272727272727273,9.363636363636363,3.727272727272727,3.1818181818181817,2.590909090909091,1.9090909090909092,0.5,0.0,71.63636363636364,157.27272727272728,0.18181818181818182,16.5,17.5,0.5,1.0,0.0,1.0,2.0
6,IND,1,1.0,0.0,0.0,0.0,32.4375,16.1875,677.125,251.4375,42.8125,74.5625,117.375,50.875,28.3125,13.5,47.4375,71.375,218.25,90.1875,65.4375,51.0,54.25,20.0625,1.125,0.8125,0.1875,12.125,2.625,0.3125,1.5,1.8125,0.9375,0.625,0.0625,0.625,1.3125,2.9375,1.0,0.625,0.4375,0.6875,0.1875,0.0,72.25,170.625,0.125,15.0,19.0,0.0,0.0,0.0,0.0,0.0
6,LAS,1,0.0,1.0,2.0,1.0,25.458333333333332,15.5,602.4583333333334,236.54166666666666,28.416666666666668,76.16666666666667,104.58333333333333,52.916666666666664,22.416666666666668,13.291666666666666,44.166666666666664,60.25,200.83333333333334,86.25,66.5,51.166666666666664,37.375,12.875,0.5,2.7916666666666665,2.25,84.79166666666667,29.5,3.625,9.75,13.375,8.166666666666666,2.9166666666666665,1.7916666666666667,5.791666666666667,8.416666666666666,25.875,11.291666666666666,6.333333333333333,5.208333333333333,5.708333333333333,1.7083333333333333,0.08333333333333333,71.75,166.66666666666666,0.25,0.0,0.0,0.0,0.0,0.0,6.0,6.0
6,MIN,0,0.0,1.0,0.0,0.0,28.8030303030303,9.621212121212121,529.6363636363636,186.21212121212122,23.272727272727273,51.8939393939394,75.16666666666667,41.72727272727273,18.196969696969695,12.454545454545455,43.53030303030303,52.59090909090909,161.78787878787878,65.69696969696969,51.5,38.56060606060606,46.59090909090909,16.257575757575758,0.36363636363636365,1.9393939393939392,0.5454545454545454,34.74242424242424,10.818181818181818,0.9545454545454546,2.8030303030303028,3.757575757575758,2.590909090909091,0.6060606060606061,0.5,2.712121212121212,2.924242424242424,9.606060606060607,3.893939393939394,3.0,2.090909090909091,2.5757575757575757,0.9393939393939394,0.0,71.63636363636364,168.1818181818182,0.0,18.0,16.0,0.5,2.0,1.0,0.0,0.0
6,NYL,1,1.0,0.0,2.0,0.0,23.136363636363637,10.318181818181818,499.3484848484848,170.98484848484847,17.454545454545453,50.72727272727273,68.18181818181819,36.92424242424243,15.65151515151515,9.484848484848484,34.13636363636363,41.77272727272727,143.37878787878788,62.01515151515151,35.18181818181818,28.560606060606062,51.86363636363637,18.393939393939394,0.09090909090909091,2.090909090909091,0.9090909090909091,43.1060606060606,13.84848484848485,1.9242424242424243,3.8181818181818183,5.742424242424243,3.1818181818181817,1.5757575757575757,0.9090909090909091,2.833333333333333,4.666666666666667,12.378787878787877,5.045454545454546,2.393939393939394,1.803030303030303,5.424242424242425,1.9545454545454546,0.045454545454545456,72.0909090909091,167.0909090909091,0.0,11.0,7.0,2.0,3.0,0.0,2.0,3.0
6,PHO,0,0.0,1.0,0.0,0.0,28.59090909090909,18.681818181818183,667.7272727272727,233.43939393939397,32.18181818181818,63.25757575757576,95.43939393939394,44.65151515151515,24.90909090909091,10.818181818181818,41.12121212121212,65.33333333333333,199.03030303030303,83.84848484848486,65.27272727272727,48.1060606060606,49.0,17.636363636363637,1.3484848484848486,0.5,0.5,13.772727272727273,4.2727272727272725,0.6363636363636364,1.3181818181818181,1.9545454545454546,0.4090909090909091,0.5909090909090909,0.36363636363636365,0.8636363636363636,1.1818181818181819,3.772727272727273,1.5909090909090908,1.3636363636363635,0.9545454545454546,0.45454545454545453,0.13636363636363635,0.0,72.72727272727273,170.1818181818182,0.09090909090909091,17.0,17.0,0.0,0.0,0.0,0.0,0.0
6,SAC,1,0.0,1.0,2.0,1.0,32.8125,12.5625,659.1875,211.6875,40.0,73.4375,113.4375,54.125,30.3125,12.5,48.375,66.875,179.8125,76.75,67.3125,46.125,33.9375,12.0625,0.4375,4.375,2.25,102.0625,31.25,5.875,10.625,16.5,8.0,4.1875,2.4375,7.25,8.25,27.625,11.3125,9.625,7.3125,4.4375,1.3125,0.0,73.25,168.875,0.0,15.0,10.0,3.0,3.0,0.0,6.0,6.0
6,SAS,0,0.0,1.0,0.0,0.0,26.22222222222222,16.72222222222222,540.2777777777778,186.5,20.11111111111111,49.388888888888886,69.5,41.388888888888886,19.88888888888889,4.111111111111111,38.5,47.888888888888886,161.83333333333334,66.55555555555556,55.72222222222222,43.333333333333336,31.5,10.055555555555555,0.3333333333333333,2.111111111111111,1.5,41.166666666666664,13.0,1.1666666666666667,4.5,5.666666666666667,2.4444444444444446,0.8333333333333334,0.5555555555555556,2.611111111111111,3.7222222222222223,11.11111111111111,4.944444444444445,2.7777777777777777,2.0555555555555554,3.2222222222222223,1.0555555555555556,0.0,71.11111111111111,158.22222222222223,0.2222222222222222,17.0,17.0,1.0,2.0,0.0,0.0,0.0
6,SEA,1,0.0,1.0,6.0,0.0,28.0625,12.0,559.6875,229.8125,28.5625,66.1875,94.75,45.875,19.125,14.0625,40.6875,50.5625,192.625,84.6875,55.25,42.8125,50.0,17.625,0.3125,3.8125,1.6875,74.1875,31.0,3.8125,8.25,12.0625,5.8125,3.0,1.5625,5.375,6.3125,25.625,11.4375,6.375,5.375,5.5625,2.75,0.0,73.375,166.125,0.25,19.0,15.0,3.0,1.0,0.0,6.0,2.0
6,WAS,0,1.0,0.0,0.0,0.0,26.363636363636363,17.318181818181817,615.0909090909091,202.95454545454547,31.5,62.40909090909091,93.9090909090909,41.45454545454545,23.272727272727273,11.909090909090908,40.27272727272727,61.90909090909091,181.0,76.0909090909091,56.86363636363637,40.45454545454545,28.136363636363637,10.318181818181818,0.3181818181818182,1.8636363636363635,1.2272727272727273,46.04545454545455,17.454545454545453,2.227272727272727,5.363636363636363,7.590909090909091,2.9545454545454546,1.7727272727272727,1.8636363636363635,2.909090909090909,4.7272727272727275,14.272727272727273,6.0,5.818181818181818,4.7272727272727275,1.5,0.7272727272727273,0.045454545454545456,72.0,162.0,0.0,11.5,13.5,0.0,0.0,0.0,0.0,0.0
7,CHA,0,1.0,0.0,0.0,0.0,28.875,18.625,653.3541666666666,204.39583333333334,29.1875,63.666666666666664,92.85416666666667,41.041666666666664,25.3125,13.229166666666666,47.375,64.9375,184.3125,74.22916666666667,61.333333333333336,45.625,34.25,10.3125,0.625,1.0833333333333333,1.0,29.979166666666668,10.0625,1.625,3.25,4.875,2.4791666666666665,1.375,0.75,2.9791666666666665,2.6666666666666665,10.6875,4.0625,2.0625,1.5,1.5,0.4375,0.0,72.75,169.125,0.0,3.0,7.0,0.0,0.0,0.0,0.0,0.0
7,CHI,0,1.0,0.0,0.0,0.0,28.25,10.75,487.1666666666667,124.33333333333333,21.708333333333332,40.291666666666664,62.0,36.791666666666664,16.583333333333332,7.333333333333333,31.083333333333332,56.208333333333336,118.66666666666667,46.625,30.875,20.791666666666668,31.375,10.291666666666666,0.3333333333333333,2.125,1.0416666666666667,42.333333333333336,10.625,1.5416666666666667,3.5416666666666665,5.083333333333333,2.5833333333333335,1.125,0.4166666666666667,2.6666666666666665,4.75,8.166666666666666,3.5,4.333333333333333,2.875,2.25,0.75,0.041666666666666664,72.25,163.75,0.0,0.0,0.0,0.0,0.0,0.0,0.0,0.0
7,CON,1,1.0,0.0,4.0,1.0,26.85,16.25,606.95,226.0,28.85,69.55,98.4,51.95,24.0,12.85,41.6,52.15,191.45,84.85,59.9,44.4,36.25,11.9,0.1,6.1,3.55,144.95,50.45,6.6,15.8,22.4,10.2,5.65,2.8,9.25,11.4,42.15,17.5,15.85,11.9,9.9,3.55,0.0,65.4,177.5,0.1,22.0,12.0,5.0,3.0,0.0,10.0,6.0
7,DET,1,1.0,0.0,0.0,0.5,25.515151515151516,18.39393939393939,642.5909090909091,228.9090909090909,36.0,72.69696969696969,108.6969696969697,48.25757575757576,25.575757575757574,14.65151515151515,49.65151515151515,64.98484848484848,204.22727272727272,83.86363636363636,74.19696969696969,51.13636363636363,31.227272727272727,10.045454545454545,0.9848484848484849,1.303030303030303,0.9696969696969696,37.13636363636363,13.166666666666668,2.1969696969696972,4.075757575757576,6.2727272727272725,2.893939393939394,1.5,0.9545454545454546,2.515151515151515,3.393939393939394,11.803030303030305,4.590909090909091,4.9393939393939394,3.5606060606060606,1.2575757575757576,0.42424242424242425,0.09090909090909091,72.54545454545455,169.1818181818182,0.0,16.5,17.5,0.5,2.0,0.0,1.0,4.0
7,HOU,1,0.0,1.0,2.0,0.0,25.757575757575754,14.227272727272727,582.9242424242424,195.0757575757576,26.227272727272727,62.42424242424242,88.65151515151514,48.01515151515152,21.348484848484848,8.727272727272727,38.378787878787875,52.13636363636363,167.54545454545453,72.80303030303031,58.48484848484849,42.74242424242424,19.93939393939394,6.7272727272727275,0.3939393939393939,2.151515151515152,1.0909090909090908,45.060606060606055,15.136363636363637,1.7727272727272727,5.4393939393939394,7.212121212121212,3.060606060606061,1.4090909090909092,0.5,3.4393939393939394,4.409090909090909,12.303030303030305,5.5,4.848484848484848,3.6818181818181817,1.3333333333333333,0.45454545454545453,0.045454545454545456,72.45454545454545,165.27272727272728,0.18181818181818182,16.0,18.0,1.0,1.5,0.0,2.0,3.0
7,IND,1,1.0,0.0,2.0,0.0,32.166666666666664,16.166666666666668,701.5,231.05555555555554,31.166666666666668,68.0,99.16666666666667,52.666666666666664,30.72222222222222,8.88888888888889,48.55555555555556,64.33333333333333,198.94444444444446,78.38888888888889,66.05555555555556,51.94444444444444,64.22222222222223,22.333333333333332,0.4444444444444444,2.5555555555555554,0.5555555555555556,33.666666666666664,9.166666666666666,1.3888888888888888,3.2777777777777777,4.666666666666667,2.7777777777777777,1.3333333333333333,0.2222222222222222,2.388888888888889,3.4444444444444446,8.833333333333334,3.0555555555555554,2.8333333333333335,2.111111111111111,2.2222222222222223,0.9444444444444444,0.05555555555555555,70.88888888888889,166.22222222222223,0.1111111111111111,18.0,16.0,1.0,1.0,0.0,2.0,2.0
7,LAS,1,0.0,1.0,0.0,0.5,27.0,15.61111111111111,637.7777777777778,232.83333333333334,27.5,79.11111111111111,106.61111111111111,58.27777777777778,25.555555555555557,15.777777777777779,45.611111111111114,66.16666666666667,202.16666666666666,89.55555555555556,62.22222222222222,45.27777777777778,25.666666666666668,8.444444444444445,0.8888888888888888,1.3333333333333333,0.9444444444444444,35.72222222222222,10.666666666666666,1.6111111111111112,4.0,5.611111111111111,1.9444444444444444,1.1111111111111112,0.8333333333333334,2.0,3.3333333333333335,9.5,4.111111111111111,2.5,1.8333333333333333,1.5555555555555556,0.6111111111111112,0.0,72.11111111111111,165.11111111111111,0.3333333333333333,4.0,2.0,0.0,2.0,0.0,1.0,4.0
7,MIN,0,0.0,1.0,0.0,0.0,24.6875,9.833333333333332,439.14583333333337,156.97916666666666,21.708333333333336,47.666666666666664,69.375,33.1875,15.958333333333332,12.375,37.958333333333336,46.77083333333333,139.9375,57.72916666666667,47.08333333333333,33.3125,23.791666666666668,8.208333333333334,0.29166666666666663,0.5833333333333333,0.25,12.479166666666668,3.833333333333333,0.4375,0.9375,1.375,0.9166666666666667,0.125,0.1875,1.0416666666666667,0.9583333333333333,3.791666666666667,1.5416666666666665,1.0,0.5625,0.625,0.1875,0.0,73.0,176.0,0.0,16.0,18.0,0.0,1.0,1.0,0.0,0.0
7,NYL,0,1.0,0.0,0.0,0.0,23.416666666666664,5.3,381.78333333333336,125.38333333333335,13.6,34.15,47.75,27.46666666666666,13.033333333333331,6.216666666666667,31.683333333333337,34.68333333333333,105.15,44.25,32.1,25.15,35.516666666666666,11.733333333333333,0.05,2.05,0.5,31.183333333333337,9.066666666666666,1.3,2.4,3.7,1.6,0.55,0.4,2.25,3.5333333333333337,7.633333333333333,3.1333333333333333,2.1166666666666667,1.5666666666666667,3.0833333333333335,1.2333333333333334,0.05,72.5,165.3,0.0,14.5,11.5,1.0,2.5,0.0,0.0,0.0
7,PHO,0,0.0,1.0,0.0,0.0,24.045454545454547,13.06060606060606,514.3484848484849,177.1818181818182,22.818181818181817,50.28787878787878,73.10606060606061,45.51515151515151,19.787878787878785,7.818181818181818,36.348484848484844,54.57575757575758,149.5,62.72727272727273,45.6060606060606,36.21212121212121,43.95454545454545,15.515151515151517,1.0454545454545454,1.0909090909090908,0.5909090909090909,22.0,5.090909090909091,0.6363636363636364,1.2727272727272727,1.9090909090909092,1.5454545454545454,0.7727272727272727,0.3181818181818182,1.1818181818181819,1.8181818181818181,4.7272727272727275,1.7727272727272727,1.5454545454545454,1.0,1.0454545454545454,0.5454545454545454,0.0,72.36363636363636,163.0909090909091,0.18181818181818182,0.0,0.0,0.0,0.0,0.0,0.0,0.0
7,SAC,1,0.0,1.0,4.5,0.5,31.875,15.4375,690.6875,239.1875,39.5,73.25,112.75,56.1875,33.8125,11.1875,49.625,63.25,203.9375,87.875,70.6875,49.75,38.5625,13.6875,0.25,6.5,3.125,149.4375,49.375,7.1875,15.875,23.0625,12.375,6.875,2.1875,9.5625,12.625,42.9375,18.5,12.875,9.4375,7.3125,2.9375,0.0625,72.625,165.375,0.125,21.5,12.5,5.0,2.0,1.0,10.0,4.0
7,SAS,0,0.0,1.0,0.0,0.0,24.38888888888889,14.444444444444445,548.5555555555555,164.44444444444446,14.444444444444445,43.111111111111114,57.55555555555556,48.72222222222222,16.666666666666668,4.388888888888889,41.27777777777778,46.55555555555556,140.16666666666666,58.05555555555556,44.388888888888886,36.05555555555556,36.55555555555556,12.277777777777779,0.5,0.5,0.3888888888888889,13.61111111111111,3.8333333333333335,0.6111111111111112,1.0555555555555556,1.6666666666666667,1.3333333333333333,0.3333333333333333,0.05555555555555555,0.5,1.0,3.5,1.3888888888888888,1.1111111111111112,0.9444444444444444,0.7222222222222222,0.1111111111111111,0.0,71.88888888888889,162.66666666666666,0.0,7.0,27.0,0.0,0.0,0.0,0.0,0.0
7,SEA,1,0.0,1.0,3.0,0.5,26.0,16.708333333333332,601.5,212.375,28.875,70.04166666666667,98.91666666666667,42.208333333333336,17.625,13.958333333333334,41.083333333333336,58.375,173.95833333333334,77.33333333333333,56.541666666666664,43.916666666666664,37.625,13.791666666666666,0.7083333333333334,2.875,2.0833333333333335,70.08333333333333,25.375,2.7083333333333335,7.333333333333333,10.041666666666666,5.166666666666667,2.625,1.2083333333333333,4.625,6.625,21.833333333333332,9.0,6.333333333333333,5.541666666666667,5.166666666666667,1.8333333333333333,0.0,72.58333333333333,169.75,0.16666666666666666,20.0,14.0,3.5,2.0,0.0,7.0,4.0
7,WAS,1,1.0,0.0,0.0,1.0,30.125,19.6875,727.9375,249.0,31.0,66.5,97.5,53.5,26.6875,10.0,45.0625,71.8125,214.25,89.8125,63.125,45.8125,64.5,23.5625,0.5625,1.5,1.25,43.3125,15.1875,1.75,4.375,6.125,4.0,1.8125,1.0625,2.9375,4.1875,13.375,5.3125,3.875,3.1875,4.375,1.375,0.0625,71.875,167.375,0.0,11.5,13.5,0.0,0.0,0.0,1.0,2.0
8,CHI,0,1.0,0.0,0.0,0.0,26.64814814814815,18.314814814814813,616.8888888888889,216.61111111111111,32.851851851851855,61.12962962962964,93.98148148148147,46.03703703703704,22.703703703703702,8.944444444444445,39.574074074074076,59.0,184.92592592592595,76.25925925925925,76.35185185185186,55.925925925925924,27.77777777777778,8.166666666666666,0.2962962962962963,0.9444444444444444,0.5,20.944444444444443,4.722222222222222,1.3333333333333333,1.7777777777777777,3.111111111111111,1.4444444444444444,0.1111111111111111,0.1111111111111111,1.6111111111111112,2.0555555555555554,3.611111111111111,1.5555555555555556,2.0,1.3888888888888888,0.5555555555555556,0.2222222222222222,0.05555555555555555,72.22222222222223,171.66666666666666,0.0,0.0,0.0,0.0,0.0,0.0,0.0,0.0
8,CON,1,1.0,0.0,3.0,1.0,28.203703703703702,16.166666666666668,601.9259259259259,229.22222222222223,27.25925925925926,74.44444444444444,101.7037037037037,53.72222222222222,21.833333333333332,13.425925925925926,40.62962962962963,51.388888888888886,190.90740740740742,84.4074074074074,58.296296296296305,45.70370370370371,42.18518518518519,14.703703703703704,0.0,4.888888888888889,2.7777777777777777,106.33333333333333,35.5,4.888888888888889,11.61111111111111,16.5,7.333333333333333,3.388888888888889,2.8333333333333335,7.277777777777778,8.555555555555555,32.833333333333336,11.944444444444445,12.055555555555555,8.555555555555555,9.88888888888889,3.0555555555555554,0.0,64.55555555555556,176.55555555555554,0.1111111111111111,26.0,8.0,4.0,2.5,1.0,8.0,5.0
8,DET,1,1.0,0.0,3.5,0.0,26.46666666666667,16.483333333333334,617.9166666666667,226.28333333333336,35.983333333333334,73.56666666666666,109.55,53.7,23.333333333333332,10.116666666666667,51.11666666666667,62.96666666666666,194.7,79.9,77.61666666666666,55.61666666666666,34.46666666666667,10.866666666666667,0.7666666666666666,3.2666666666666666,2.2,84.98333333333333,34.91666666666667,5.283333333333333,11.533333333333333,16.816666666666666,7.45,2.8666666666666663,1.4,6.5,8.966666666666667,29.666666666666664,12.916666666666666,10.616666666666667,7.85,3.45,1.2333333333333332,0.05,72.7,168.1,0.2,19.5,14.5,3.5,2.5,0.0,7.0,5.0
8,HOU,0,0.0,1.0,0.0,0.0,27.875,11.458333333333334,536.2083333333334,199.79166666666666,27.125,62.583333333333336,89.70833333333333,38.166666666666664,21.208333333333332,8.125,39.291666666666664,54.125,166.25,75.20833333333333,54.833333333333336,40.791666666666664,26.333333333333332,8.583333333333334,0.5833333333333334,2.8333333333333335,1.0833333333333333,53.958333333333336,19.375,2.1666666666666665,6.333333333333333,8.5,3.5416666666666665,1.75,1.2083333333333333,3.625,5.583333333333333,16.291666666666668,7.208333333333333,5.458333333333333,4.166666666666667,2.2916666666666665,0.7916666666666666,0.041666666666666664,72.16666666666667,166.25,0.3333333333333333,0.0,0.0,0.0,0.0,0.0,0.0,0.0
8,IND,1,1.0,0.0,1.0,0.0,27.954545454545453,19.636363636363637,693.4090909090909,249.0,34.31818181818182,73.18181818181819,107.5,50.54545454545455,34.54545454545455,11.045454545454545,51.09090909090909,63.22727272727273,215.0,87.54545454545455,76.45454545454545,57.68181818181818,51.95454545454545,16.227272727272727,0.6363636363636364,1.1818181818181819,0.9090909090909091,32.09090909090909,10.772727272727273,1.3636363636363635,3.090909090909091,4.454545454545454,1.7727272727272727,1.0909090909090908,0.3181818181818182,2.3181818181818183,3.6363636363636362,10.045454545454545,3.6818181818181817,3.3636363636363638,2.409090909090909,2.6363636363636362,1.0,0.13636363636363635,72.0,171.27272727272728,0.2727272727272727,21.0,13.0,1.0,2.0,0.0,2.0,4.0
8,LAS,0,0.0,1.0,0.0,0.0,26.358974358974358,11.0,525.7179487179487,185.73076923076923,28.807692307692307,61.26923076923077,90.07692307692308,39.24358974358974,20.833333333333332,7.730769230769231,35.820512820512825,54.96153846153846,164.4871794871795,71.24358974358974,47.53846153846154,37.256410256410255,21.87179487179487,5.987179487179488,0.5512820512820512,2.1153846153846154,1.1666666666666665,50.57692307692308,18.282051282051285,3.1666666666666665,6.435897435897436,9.602564102564102,3.474358974358974,1.5512820512820513,1.0384615384615385,2.576923076923077,5.038461538461538,16.71794871794872,7.128205128205129,4.0256410256410255,2.987179487179487,2.923076923076923,1.0384615384615385,0.038461538461538464,72.53846153846153,165.0,0.23076923076923078,0.0,0.0,0.0,0.0,0.0,0.0,0.0
8,MIN,0,0.0,1.0,0.0,0.0,25.604166666666664,14.75,559.6875,232.29166666666666,19.708333333333332,54.541666666666664,74.25,44.83333333333333,16.270833333333332,6.75,43.166666666666664,46.14583333333333,196.54166666666666,85.10416666666667,59.83333333333333,47.229166666666664,41.08333333333333,14.854166666666668,0.0625,0.2916666666666667,0.0,0.9166666666666666,0.08333333333333333,0.0,0.125,0.125,0.125,0.0,0.125,0.0,0.16666666666666666,0.0,0.0,0.08333333333333333,0.08333333333333333,0.0,0.0,0.0,72.0,165.875,0.125,0.0,0.0,0.0,0.0,0.0,0.0,0.0
8,NYL,1,1.0,0.0,0.0,0.0,27.88888888888889,8.944444444444445,503.3888888888889,164.0,22.444444444444443,51.166666666666664,73.61111111111111,29.666666666666668,21.5,7.5,36.666666666666664,50.22222222222222,145.05555555555554,57.72222222222222,44.333333333333336,34.111111111111114,42.94444444444444,14.444444444444445,0.2222222222222222,1.0555555555555556,0.05555555555555555,13.166666666666666,2.9444444444444446,0.7777777777777778,1.3888888888888888,2.1666666666666665,0.8333333333333334,0.1111111111111111,0.05555555555555555,0.5555555555555556,1.2222222222222223,3.4444444444444446,1.0,0.6666666666666666,0.4444444444444444,1.6111111111111112,0.5,0.0,72.0,170.55555555555554,0.0,14.5,19.5,0.0,1.0,0.0,0.0,2.0
8,PHO,1,0.0,1.0,0.0,0.0,29.333333333333332,14.375,626.5833333333334,266.2916666666667,27.916666666666668,61.875,89.79166666666667,50.125,23.708333333333332,11.833333333333334,43.666666666666664,66.875,221.79166666666666,95.70833333333333,65.83333333333333,52.0,64.29166666666667,22.875,0.7916666666666666,1.0416666666666667,0.20833333333333334,14.291666666666666,3.5416666666666665,0.5416666666666666,0.75,1.2916666666666667,1.2916666666666667,0.5416666666666666,0.20833333333333334,0.7083333333333334,1.5,3.3333333333333335,1.3333333333333333,0.75,0.5,0.7916666666666666,0.375,0.0,72.66666666666667,168.16666666666666,0.08333333333333333,18.0,16.0,0.0,0.0,0.0,0.0,0.0
8,SAC,1,0.0,1.0,5.5,1.0,30.5,13.041666666666666,588.4166666666666,199.79166666666666,32.958333333333336,68.45833333333333,101.41666666666667,43.5,26.333333333333332,7.833333333333333,39.375,55.458333333333336,174.66666666666666,72.08333333333333,61.875,42.875,36.375,12.75,0.16666666666666666,5.708333333333333,3.5416666666666665,128.75,47.625,6.875,14.375,21.25,10.5,4.666666666666667,1.375,7.5,10.958333333333334,40.666666666666664,17.666666666666668,12.166666666666666,8.708333333333334,8.25,3.5833333333333335,0.0,73.0,166.83333333333334,0.25,0.0,0.0,0.0,0.0,0.0,13.0,4.0
8,SAS,1,0.0,1.0,0.0,0.0,27.333333333333332,22.72222222222222,709.0,246.88888888888889,31.166666666666668,76.66666666666667,107.83333333333333,56.333333333333336,27.61111111111111,10.333333333333334,48.5,64.66666666666667,219.16666666666666,88.88888888888889,69.5,55.111111111111114,41.5,14.0,0.6666666666666666,0.8888888888888888,0.8888888888888888,23.77777777777778,6.111111111111111,0.8333333333333334,2.2777777777777777,3.111111111111111,0.8888888888888888,0.3888888888888889,0.8333333333333334,1.8888888888888888,2.888888888888889,6.166666666666667,2.5555555555555554,0.8333333333333334,0.7222222222222222,0.7222222222222222,0.2777777777777778,0.1111111111111111,71.77777777777777,168.11111111111111,0.0,10.0,24.0,0.0,0.0,0.0,0.0,0.0
8,SEA,1,0.0,1.0,0.0,1.0,27.03846153846154,15.128205128205128,561.3205128205128,206.14102564102566,27.756410256410255,65.03846153846153,92.7948717948718,43.28205128205128,16.371794871794872,11.82051282051282,42.26923076923077,54.166666666666664,172.15384615384616,75.03846153846153,54.61538461538461,42.34615384615385,39.34615384615385,13.717948717948719,0.6153846153846154,1.6666666666666667,1.1538461538461537,39.8974358974359,14.192307692307692,1.2692307692307692,4.038461538461538,5.3076923076923075,3.1538461538461537,1.2307692307692308,0.6923076923076923,2.4615384615384617,3.730769230769231,12.346153846153847,4.6923076923076925,4.358974358974359,3.730769230769231,4.230769230769231,1.0769230769230769,0.038461538461538464,72.92307692307692,170.07692307692307,0.15384615384615385,19.0,15.0,1.0,2.0,0.0,2.0,4.0
8,WAS,0,1.0,0.0,0.0,0.0,27.807692307692307,15.076923076923077,592.8846153846154,223.96153846153845,27.576923076923077,61.19230769230769,88.76923076923077,46.07692307692308,24.576923076923077,8.26923076923077,40.61538461538461,63.53846153846154,185.26923076923077,78.57692307692308,65.8076923076923,49.5,50.69230769230769,17.307692307692307,0.8076923076923077,0.8461538461538461,0.5,19.615384615384617,5.961538461538462,1.2692307692307692,2.3461538461538463,3.6153846153846154,1.7307692307692308,0.7692307692307693,0.15384615384615385,1.2692307692307692,2.1538461538461537,6.730769230769231,2.1923076923076925,1.8846153846153846,1.1538461538461537,1.9615384615384615,0.4230769230769231,0.038461538461538464,72.07692307692308,169.3846153846154,0.0,17.0,17.0,0.0,1.0,0.0,0.0,0.0
9,ATL,0,1.0,0.0,0.0,0.0,26.416666666666668,8.708333333333334,448.6666666666667,155.625,22.875,49.708333333333336,72.58333333333333,31.083333333333332,15.166666666666666,7.833333333333333,34.375,46.5,138.75,59.333333333333336,31.708333333333332,23.041666666666668,37.875,13.916666666666666,0.20833333333333334,2.75,0.4166666666666667,33.375,11.333333333333334,0.9166666666666666,3.2083333333333335,4.125,3.125,1.125,0.625,2.0416666666666665,3.3333333333333335,10.833333333333334,3.9166666666666665,3.0,2.0416666666666665,4.541666666666667,1.4583333333333333,0.041666666666666664,73.25,170.0,0.0,0.0,0.0,0.0,0.0,0.0,0.0,0.0
9,CHI,0,1.0,0.0,0.0,0.0,23.68333333333333,13.4,517.2,183.75,29.366666666666667,60.166666666666664,89.53333333333333,46.08333333333333,21.56666666666667,9.133333333333333,33.68333333333333,43.16666666666667,161.2,67.75,59.416666666666664,40.583333333333336,22.116666666666667,7.666666666666666,0.2333333333333333,0.4666666666666666,0.16666666666666666,6.633333333333333,1.5166666666666666,0.4333333333333333,0.5166666666666667,0.95,0.45,0.05,0.0,0.5166666666666667,0.4666666666666666,1.4,0.5166666666666667,0.7333333333333333,0.4833333333333334,0.15,0.0,0.03333333333333333,71.9,168.4,0.1,0.0,0.0,0.0,0.0,0.0,0.0,0.0
9,CON,1,1.0,0.0,1.0,1.0,32.0,16.142857142857142,710.2857142857143,281.35714285714283,31.857142857142858,79.64285714285714,111.5,70.28571428571429,27.785714285714285,6.428571428571429,56.357142857142854,60.357142857142854,236.57142857142858,102.42857142857143,73.14285714285714,58.785714285714285,55.285714285714285,17.714285714285715,0.35714285714285715,3.2142857142857144,1.0714285714285714,76.92857142857143,30.214285714285715,2.5714285714285716,8.571428571428571,11.142857142857142,6.714285714285714,1.7857142857142858,0.7857142857142857,5.928571428571429,6.928571428571429,27.642857142857142,11.0,7.071428571428571,5.071428571428571,7.642857142857143,3.142857142857143,0.07142857142857142,70.71428571428571,167.71428571428572,0.0,22.0,12.0,2.0,2.0,1.0,4.0,4.0
9,DET,1,1.0,0.0,5.5,1.0,28.53846153846154,13.26923076923077,627.2948717948718,245.5897435897436,41.25641025641026,85.12820512820514,126.38461538461539,46.0,22.833333333333332,11.974358974358974,46.871794871794876,63.3974358974359,208.56410256410257,88.61538461538461,74.41025641025641,55.628205128205124,39.35897435897436,12.73076923076923,0.46153846153846156,5.051282051282052,2.8076923076923075,128.48717948717947,51.44871794871795,8.58974358974359,18.384615384615383,26.974358974358974,10.038461538461538,3.6666666666666665,2.423076923076923,9.012820512820513,14.051282051282051,45.19230769230769,19.153846153846153,14.102564102564104,10.064102564102566,7.923076923076923,3.076923076923077,0.11538461538461539,73.0,172.69230769230768,0.3076923076923077,23.5,10.5,6.5,4.0,0.0,13.0,8.0
9,HOU,0,0.0,1.0,0.0,0.0,29.6,15.6,624.85,246.45,33.3,72.7,106.0,45.45,24.95,9.15,52.65,65.3,211.15,89.6,68.1,51.95,42.7,15.3,0.5,1.75,0.45,33.7,13.2,1.65,3.25,4.9,3.15,1.15,0.5,2.2,3.95,11.65,4.6,3.4,2.7,3.45,1.3,0.05,71.9,166.2,0.1,13.0,21.0,0.0,0.0,0.0,0.0,0.0
9,IND,1,1.0,0.0,1.0,0.5,27.845238095238095,15.392857142857142,607.8571428571429,226.5,29.309523809523814,66.44047619047619,95.75,48.702380952380956,30.345238095238095,11.273809523809524,49.23809523809524,59.76190476190476,193.70238095238096,81.03571428571429,63.11904761904761,47.273809523809526,53.88095238095237,17.154761904761905,0.4880952380952381,1.9642857142857142,1.1428571428571428,42.214285714285715,13.107142857142858,1.7142857142857142,5.25,6.964285714285714,3.3214285714285716,1.8214285714285714,0.8571428571428571,2.892857142857143,3.7857142857142856,13.035714285714286,4.5,3.7857142857142856,2.7857142857142856,4.642857142857143,1.3214285714285714,0.07142857142857142,71.92857142857143,172.35714285714286,0.2857142857142857,0.0,0.0,0.0,0.0,0.0,3.0,5.0
9,LAS,1,0.0,1.0,2.0,0.0,29.8030303030303,18.681818181818183,635.1818181818181,251.04545454545453,34.95454545454545,94.07575757575756,129.03030303030303,49.060606060606055,23.40909090909091,18.666666666666664,51.86363636363637,69.31818181818181,218.37878787878788,95.15151515151516,63.6969696969697,47.68181818181818,37.560606060606055,13.060606060606062,0.8636363636363636,2.272727272727273,1.4090909090909092,54.72727272727273,19.272727272727273,3.590909090909091,7.636363636363637,11.227272727272727,3.5,2.3181818181818183,2.1363636363636362,3.590909090909091,5.909090909090909,18.40909090909091,7.136363636363637,5.681818181818182,4.5,1.4545454545454546,0.5,0.0,66.18181818181819,168.36363636363637,0.18181818181818182,10.0,24.0,0.0,0.0,0.0,2.0,3.0
9,MIN,0,0.0,1.0,0.0,0.0,29.227272727272727,16.045454545454547,609.5,232.5,30.954545454545453,71.5909090909091,102.54545454545455,52.18181818181818,19.59090909090909,13.090909090909092,44.5,59.81818181818182,205.9090909090909,85.77272727272727,61.40909090909091,47.95454545454545,38.27272727272727,13.0,0.45454545454545453,0.45454545454545453,0.36363636363636365,13.590909090909092,5.681818181818182,0.36363636363636365,1.1363636363636365,1.5,0.5,0.45454545454545453,0.09090909090909091,0.4090909090909091,1.0,4.545454545454546,2.090909090909091,0.9090909090909091,0.9090909090909091,1.7272727272727273,0.5909090909090909,0.0,72.0,168.36363636363637,0.09090909090909091,10.0,24.0,0.0,0.0,0.0,0.0,0.0
9,NYL,1,1.0,0.0,0.0,1.0,29.5,13.1,606.2166666666667,211.83333333333334,25.45,69.73333333333333,95.18333333333334,42.41666666666667,24.383333333333333,12.033333333333333,49.2,57.38333333333334,181.48333333333332,74.7,55.68333333333334,41.36666666666667,58.65,21.066666666666666,0.2,1.6333333333333333,0.75,35.15,12.25,1.45,4.983333333333333,6.433333333333333,2.783333333333333,1.2833333333333334,0.45,2.35,2.966666666666667,11.083333333333332,4.466666666666667,3.066666666666667,2.2333333333333334,3.05,1.0833333333333335,0.0,72.4,174.5,0.1,13.5,20.5,0.5,1.0,0.0,1.0,2.0
9,PHO,0,0.0,1.0,0.0,0.0,29.333333333333332,16.944444444444443,660.5,290.44444444444446,25.77777777777778,74.94444444444444,100.72222222222223,63.111111111111114,25.333333333333332,11.11111111111111,44.833333333333336,60.111111111111114,243.5,104.83333333333333,65.66666666666667,51.833333333333336,78.72222222222223,28.944444444444443,0.5555555555555556,3.2222222222222223,2.0,78.11111111111111,38.833333333333336,3.888888888888889,9.277777777777779,13.166666666666666,7.444444444444445,2.7777777777777777,1.5,4.222222222222222,6.5,29.333333333333332,13.61111111111111,8.166666666666666,6.777777777777778,12.333333333333334,4.833333333333333,0.05555555555555555,72.22222222222223,166.88888888888889,0.2222222222222222,0.0,0.0,0.0,0.0,0.0,0.0,0.0
9,SAC,1,0.0,1.0,2.0,1.5,28.833333333333332,13.555555555555555,581.8333333333334,202.22222222222223,34.94444444444444,67.22222222222223,102.16666666666667,43.22222222222222,26.666666666666668,7.5,40.388888888888886,51.27777777777778,180.5,71.88888888888889,59.333333333333336,43.888888888888886,42.111111111111114,14.555555555555555,0.3333333333333333,4.0,2.6666666666666665,88.05555555555556,32.72222222222222,4.777777777777778,9.333333333333334,14.11111111111111,7.111111111111111,3.7777777777777777,1.3888888888888888,5.555555555555555,7.666666666666667,28.61111111111111,12.055555555555555,8.11111111111111,5.722222222222222,7.0,2.888888888888889,0.0,73.0,164.66666666666666,0.1111111111111111,19.0,15.0,1.0,2.0,0.0,7.0,5.0
9,SAS,1,0.0,1.0,2.0,0.0,24.8125,18.0,573.625,202.5,24.1875,65.625,89.8125,55.625,23.75,11.0,42.8125,52.0625,179.125,75.4375,47.875,38.75,36.6875,12.875,0.1875,2.75,2.1875,63.8125,23.625,3.4375,6.75,10.1875,5.8125,1.875,1.9375,4.375,6.125,21.0,9.0,3.875,3.0625,5.8125,2.5625,0.0625,70.875,164.125,0.0,16.5,17.5,1.0,1.5,1.0,2.0,3.0
9,SEA,1,0.0,1.0,0.0,0.5,28.616666666666667,15.783333333333335,643.2833333333333,243.8,36.28333333333333,79.4,115.68333333333332,52.5,24.8,12.766666666666667,46.25,53.766666666666666,199.1,86.63333333333334,73.28333333333333,56.95,40.55,13.583333333333334,0.2,3.2833333333333337,2.316666666666667,78.0,29.01666666666667,4.983333333333333,9.65,14.633333333333335,5.85,1.9666666666666668,2.066666666666667,5.1,6.783333333333333,23.816666666666666,10.433333333333334,9.516666666666667,7.05,3.35,1.1,0.0,73.4,172.3,0.6,0.0,0.0,0.0,0.0,0.0,1.0,4.0
9,WAS,0,1.0,0.0,0.0,0.0,29.069444444444443,12.0,547.5138888888889,208.625,30.958333333333332,63.611111111111114,94.56944444444444,42.361111111111114,22.277777777777775,9.01388888888889,41.93055555555555,55.583333333333336,169.7222222222222,74.44444444444444,60.430555555555564,46.52777777777777,39.666666666666664,13.208333333333334,0.6805555555555555,0.6666666666666666,0.375,13.916666666666666,5.25,1.125,2.25,3.375,0.6666666666666666,0.5833333333333334,0.25,0.875,1.5,5.458333333333333,2.0833333333333335,1.7083333333333333,1.0,0.5,0.08333333333333333,0.0,70.75,162.83333333333334,0.0,16.0,14.0,0.0,0.0,0.0,0.0,0.0
10,ATL,1,1.0,0.0,0.0,0.0,28.40909090909091,17.227272727272727,592.1818181818181,206.04545454545453,35.68181818181818,67.54545454545455,103.22727272727273,47.5,23.272727272727273,11.181818181818182,46.13636363636363,64.63636363636364,179.86363636363637,75.13636363636364,61.54545454545455,42.86363636363637,37.40909090909091,12.909090909090908,0.6363636363636364,0.6363636363636364,0.09090909090909091,4.909090909090909,1.8636363636363635,0.0,0.3181818181818182,0.3181818181818182,0.36363636363636365,0.09090909090909091,0.045454545454545456,0.2727272727272727,0.5,1.9090909090909092,0.6363636363636364,0.36363636363636365,0.18181818181818182,1.2727272727272727,0.4090909090909091,0.0,72.81818181818181,160.0909090909091,0.09090909090909091,4.0,30.0,0.0,0.0,0.0,0.0,0.0
10,CHI,0,1.0,0.0,0.0,0.0,31.0,16.75,683.05,241.75,33.55,79.8,113.35,55.5,26.2,13.4,46.85,58.6,212.2,88.95,74.35,51.35,36.3,12.5,0.6,0.85,0.15,9.2,2.2,0.15,0.65,0.8,0.75,0.2,0.0,0.5,0.25,1.65,0.65,0.65,0.55,0.9,0.35,0.0,71.8,163.8,0.1,12.0,22.0,0.0,0.0,0.0,0.0,0.0
10,CON,0,1.0,0.0,0.0,0.0,28.71666666666667,16.81666666666667,626.3833333333333,257.75,32.05,75.28333333333333,107.33333333333333,57.86666666666666,22.866666666666667,9.983333333333334,49.25,59.78333333333334,222.16666666666666,94.1,67.63333333333333,51.0,56.766666666666666,18.55,0.35,2.933333333333333,1.3,61.86666666666666,21.46666666666667,2.8333333333333335,7.15,9.983333333333333,5.166666666666666,1.9,0.55,4.533333333333333,5.033333333333333,21.666666666666668,8.15,4.183333333333334,3.3333333333333335,5.7,1.8333333333333333,0.0,71.3,167.9,0.0,19.5,14.5,1.0,2.0,1.0,0.0,0.0
10,DET,1,1.0,0.0,5.5,1.0,28.966666666666665,14.177777777777779,629.4777777777778,230.85555555555553,33.72222222222222,76.08888888888889,109.81111111111112,52.833333333333336,26.233333333333334,10.033333333333333,47.13333333333333,63.75555555555556,192.61111111111111,81.72222222222223,67.83333333333333,52.35555555555556,42.711111111111116,15.055555555555554,0.4444444444444444,5.466666666666667,2.533333333333333,127.61111111111111,49.24444444444444,7.388888888888888,17.27777777777778,24.666666666666668,8.722222222222223,3.7666666666666666,2.466666666666667,8.211111111111112,12.822222222222223,43.11111111111111,18.266666666666666,11.955555555555556,9.18888888888889,9.477777777777778,3.5222222222222226,0.1,72.73333333333333,161.8,0.2,23.0,11.0,6.5,3.5,0.0,13.0,7.0
10,IND,1,1.0,0.0,1.0,1.0,27.3125,16.6875,589.2916666666666,215.91666666666666,34.3125,70.9375,105.25,44.270833333333336,28.895833333333332,13.708333333333334,47.0625,66.3125,179.10416666666666,76.16666666666667,67.79166666666667,51.1875,36.166666666666664,12.395833333333334,0.4583333333333333,2.6666666666666665,1.75,61.583333333333336,20.5,2.8333333333333335,8.708333333333334,11.541666666666666,4.25,2.75,1.4166666666666667,4.166666666666667,6.333333333333333,18.375,6.5,7.291666666666667,6.083333333333333,5.208333333333333,1.4166666666666667,0.041666666666666664,72.08333333333333,175.25,0.16666666666666666,17.0,17.0,1.0,2.0,0.0,4.0,5.0
10,LAS,1,0.0,1.0,2.0,1.0,31.88888888888889,24.555555555555557,823.5555555555555,361.6111111111111,47.22222222222222,120.94444444444444,168.16666666666666,74.94444444444444,32.388888888888886,27.944444444444443,80.11111111111111,76.55555555555556,307.1666666666667,131.22222222222223,101.94444444444444,78.77777777777777,61.833333333333336,20.38888888888889,0.7777777777777778,3.0555555555555554,2.4444444444444446,84.77777777777777,32.111111111111114,5.611111111111111,12.444444444444445,18.055555555555557,7.777777777777778,3.5555555555555554,3.5555555555555554,7.388888888888889,9.722222222222221,28.666666666666668,12.055555555555555,8.833333333333334,6.333333333333333,5.555555555555555,1.6666666666666667,0.2777777777777778,71.88888888888889,172.11111111111111,0.3333333333333333,15.0,19.0,1.5,1.5,0.0,3.0,3.0
10,MIN,0,0.0,1.0,0.0,0.0,28.5,14.944444444444445,635.3888888888889,286.27777777777777,37.666666666666664,77.16666666666667,114.83333333333333,49.888888888888886,29.666666666666668,15.722222222222221,44.22222222222222,72.05555555555556,225.72222222222223,101.94444444444444,86.77777777777777,68.72222222222223,40.0,13.666666666666666,1.0555555555555556,0.5,0.5,16.5,5.833333333333333,1.0555555555555556,1.6111111111111112,2.6666666666666665,1.7777777777777777,0.6666666666666666,0.05555555555555555,1.0,1.0,4.277777777777778,1.9444444444444444,1.8333333333333333,1.5,1.4444444444444444,0.4444444444444444,0.0,72.88888888888889,175.0,0.1111111111111111,0.0,0.0,0.0,0.0,0.0,0.0,0.0
10,NYL,0,1.0,0.0,0.0,0.0,32.1,17.2,687.25,250.35,33.9,76.8,110.7,54.75,29.4,10.55,52.65,64.95,215.9,90.1,62.45,46.0,64.7,24.15,0.3,4.45,2.4,94.8,32.25,3.8,12.05,15.85,6.6,2.85,1.5,6.2,8.85,29.9,12.5,6.45,4.15,8.4,3.1,0.0,72.4,176.3,0.1,34.5,33.5,2.0,4.5,0.0,0.0,0.0
10,PHO,1,0.0,1.0,7.0,0.0,26.636363636363637,17.818181818181817,599.2272727272727,287.09090909090907,29.318181818181817,75.54545454545455,104.86363636363636,53.63636363636363,23.227272727272727,13.363636363636363,43.31818181818182,64.68181818181819,232.13636363636363,100.13636363636364,77.5,64.81818181818181,65.5,22.0,0.8636363636363636,2.8636363636363638,2.0454545454545454,81.54545454545455,44.04545454545455,4.363636363636363,10.909090909090908,15.272727272727273,8.681818181818182,3.409090909090909,2.090909090909091,5.2272727272727275,7.590909090909091,31.772727272727273,14.727272727272727,11.681818181818182,10.227272727272727,10.954545454545455,4.363636363636363,0.045454545454545456,71.45454545454545,165.0909090909091,0.09090909090909091,16.0,18.0,0.0,0.0,0.0,7.0,2.0
10,SAC,0,0.0,1.0,0.0,0.0,28.8030303030303,15.196969696969695,609.7878787878789,227.27272727272728,36.303030303030305,63.27272727272727,99.57575757575756,46.0,29.21212121212121,7.681818181818182,47.01515151515151,58.72727272727273,191.1060606060606,78.36363636363636,70.72727272727273,54.95454545454545,40.68181818181818,15.590909090909092,0.3181818181818182,2.287878787878788,1.2272727272727273,47.060606060606055,19.348484848484848,2.1969696969696972,5.212121212121212,7.409090909090909,4.348484848484849,2.106060606060606,0.696969696969697,3.772727272727273,5.409090909090909,14.666666666666668,7.318181818181818,4.5,3.6363636363636362,2.9545454545454546,1.075757575757576,0.045454545454545456,72.63636363636364,167.1818181818182,0.0,18.5,15.5,1.0,2.0,0.0,0.0,0.0
10,SAS,1,0.0,1.0,3.0,0.0,31.0625,20.0,735.125,288.8125,27.3125,90.8125,118.125,70.1875,30.1875,15.125,54.125,63.8125,238.6875,106.4375,67.6875,54.5625,60.5625,21.375,0.25,6.9375,4.4375,173.375,66.8125,7.6875,18.4375,26.125,15.3125,5.25,3.4375,11.9375,14.1875,57.75,24.0625,15.75,12.9375,15.625,5.75,0.0625,70.25,163.25,0.125,22.0,12.0,3.0,4.0,1.0,6.0,8.0
10,SEA,1,0.0,1.0,0.0,0.5,29.363636363636363,14.303030303030305,615.2727272727273,218.3030303030303,29.469696969696972,69.5909090909091,99.06060606060606,53.96969696969697,21.848484848484848,14.0,46.303030303030305,57.45454545454545,184.48484848484847,78.27272727272727,60.803030303030305,47.303030303030305,42.95454545454545,14.454545454545455,0.1515151515151515,2.7424242424242427,1.2272727272727273,55.31818181818182,18.742424242424242,2.5606060606060606,5.712121212121212,8.272727272727273,4.515151515151515,1.878787878787879,0.9545454545454546,4.015151515151516,4.803030303030304,16.742424242424242,7.0,4.590909090909091,3.4545454545454546,4.03030303030303,1.2878787878787878,0.0,72.0909090909091,171.36363636363637,0.18181818181818182,22.0,12.0,1.0,2.0,0.0,1.0,4.0
10,WAS,1,1.0,0.0,0.0,0.0,26.15151515151515,13.863636363636363,569.3787878787879,214.22727272727272,31.65151515151515,64.25757575757576,95.9090909090909,42.62121212121212,21.93939393939394,8.454545454545455,45.90909090909091,66.66666666666667,184.04545454545453,76.37878787878788,72.12121212121211,50.83333333333333,34.87878787878788,10.636363636363637,1.0606060606060606,0.09090909090909091,0.0,0.9090909090909091,0.303030303030303,0.0303030303030303,0.0,0.0303030303030303,0.0303030303030303,0.0303030303030303,0.0,0.1212121212121212,0.1212121212121212,0.2727272727272727,0.1212121212121212,0.0,0.0,0.18181818181818182,0.0606060606060606,0.0,72.0909090909091,174.0909090909091,0.0,0.0,0.0,0.0,0.0,0.0,0.0,0.0
